0,the
1,of
2,and
3,to
4,a
5,in
6,for
7,is
8,on
9,that
10,by
11,this
12,with
13,i
14,you
15,it
16,not
17,or
18,be
19,are
20,from
21,at
22,as
23,your
24,all
25,have
26,new
27,more
28,an
29,was
30,we
31,will
32,home
33,can
34,us
35,about
36,if
37,page
38,my
39,has
40,search
41,free
42,but
43,our
44,one
45,other
46,do
47,no
48,information
49,time
50,they
51,site
52,he
53,up
54,may
55,what
56,which
57,their
58,news
59,out
60,use
61,any
62,there
63,see
64,only
65,so
66,his
67,when
68,contact
69,here
70,business
71,who
72,web
73,also
74,now
75,help
76,get
77,pm
78,view
79,online
80,c
81,e
82,first
83,am
84,been
85,would
86,how
87,were
88,me
89,s
90,services
91,some
92,these
93,click
94,its
95,like
96,service
97,x
98,than
99,find
