Title,YearReleased
Super Mario 64 DS,2004
Lumines: Puzzle Fusion,2004
WarioWare Touched!,2004
Hot Shots Golf: Open Tee,2004
Spider-Man 2,2004
The Urbz: Sims in the City,2004
Ridge Racer,2004
Metal Gear Ac!d,2004
Madden NFL 2005,2004
Pok�mon Dash,2004
Dynasty Warriors,2004
Feel the Magic XY/XX,2004
Ridge Racer DS,2004
Darkstalkers Chronicle: The Chaos Tower,2004
Ape Escape Academy,2004
Polarium,2004
Asphalt: Urban GT,2004
Ping Pals,2004
Zoo Keeper,2004
Mr. DRILLER: Drill Spirits,2004
Sprung,2004
Armored Core: Formula Front - Extreme Battle,2004
Puyo Pop Fever,2004
Mario Kart DS,2005
Nintendogs,2005
Brain Age: Train Your Brain in Minutes a Day!,2005
Brain Age�: More Training in Minutes a Day!,2005
Grand Theft Auto: Liberty City Stories GTA,2005
Animal Crossing: Wild World,2005
Big Brain Academy,2005
Call of Duty 2,2005
Midnight Club 3: DUB Edition,2005
Need for Speed: Most Wanted 5-1-0,2005
Pok�mon Mystery Dungeon: Blue Rescue Team,2005
Sonic Rush,2005
Star Wars: Battlefront II,2005
SOCOM: U.S. Navy SEALs - Fireteam Bravo,2005
Need for Speed: Most Wanted,2005
Zoo Tycoon DS,2005
The Sims 2,2005
Namco Museum Battle Collection,2005
Mario & Luigi: Partners in Time,2005
Madden NFL 06,2005
Need for Speed Underground: Rivals,2005
Twisted Metal: Head-On,2005
Perfect Dark Zero,2005
Super Monkey Ball: Touch & Roll,2005
Super Princess Peach,2005
Burnout Legends,2005
Madden NFL 06,2005
Clubhouse Games,2005
ATV Offroad Fury: Blazin' Trails,2005
Untold Legends: Brotherhood of the Blade,2005
Tony Hawk's Underground 2: Remix,2005
The Sims 2,2005
WipEout Pure,2005
NBA Live 06,2005
WWE Smackdown vs. Raw 2006,2005
Dead or Alive 4,2005
Phoenix Wright: Ace Attorney,2005
Spider-Man 2,2005
NFL Street 2,2005
Kirby: Canvas Curse,2005
Battlefield 2: Modern Combat,2005
Yoshi Touch & Go,2005
Tiger Woods PGA Tour 06,2005
Condemned: Criminal Origins,2005
Peter Jackson's King Kong: The Official Game of...,2005
Castlevania: Dawn of Sorrow,2005
SpongeBob SquarePants: The Yellow Avenger,2005
Marvel Nemesis: Rise of the Imperfects ,2005
Kameo: Elements of Power,2005
Advance Wars: Dual Strike,2005
Trauma Center: Under the Knife,2005
Coded Arms,2005
NBA LIVE 06 ,2005
Tony Hawk's American Wasteland,2005
Star Wars: Episode III - Revenge of the Sith,2005
Capcom Classics Collection Remixed,2005
Madagascar,2005
X-Men: Legends II - Rise of Apocalypse,2005
Quake 4,2005
Pok�mon Trozei!,2005
Need for Speed: Most Wanted,2005
Mega Man Maverick Hunter X,2005
MLB,2005
NBA Street Showdown,2005
Metroid Prime Pinball,2005
NBA 06,2005
GUN ,2005
NBA 2K6 ,2005
Pinball Hall of Fame: The Gottlieb Collection,2005
Harry Potter and the Goblet of Fire,2005
Tony Hawk's American Sk8land,2005
Midway Arcade Treasures: Extended Play,2005
MVP Baseball,2005
NBA,2005
Tiger Woods PGA Tour,2005
World Series of Poker,2005
SSX on Tour,2005
Tiger Woods PGA Tour 06,2005
Death Jr.,2005
Harry Potter and the Goblet of Fire,2005
MediEvil Resurrection,2005
"The Chronicles of Narnia: The Lion, the Witch a...",2005
Shrek SuperSlam,2005
Virtua Tennis: World Tour,2005
Prince of Persia: Revelations,2005
Burnout Legends,2005
Meteos,2005
Spyro: Shadow Legacy,2005
The Con,2005
Infected,2005
Trace Memory,2005
Pursuit Force,2005
Kingdom of Paradise,2005
Dragon Ball Z: Supersonic Warriors 2,2005
Dragon Quest Heroes: Rocket Slime,2005
Dead to Rights: Reckoning,2005
World Championship Poker 2 featuring Howard Led...,2005
Amped 3,2005
Break 'em All,2005
Lunar: Dragon Song,2005
Madden NFL 06,2005
Retro Atari Classics,2005
True Swing Golf,2005
FIFA Soccer,2005
Metal Gear Ac!d 2,2005
ATV Quad Frenzy,2005
Bomberman,2005
GoldenEye: Rogue Agent,2005
Need for Speed Underground 2,2005
FIFA Soccer 06,2005
Frogger: Helmet Chaos,2005
The Lord of the Rings: Tactics,2005
Rengoku: The Tower of Purgatory,2005
Gretzky NHL,2005
Ridge Racer 6,2005
Ford Racing 3,2005
World Tour Soccer,2005
NHL 2K6 ,2005
Bust-a-Move DS,2005
Battles of Prince of Persia,2005
Snood 2: On Vacation,2005
GripShift,2005
Marvel Nemesis: Rise of the Imperfects ,2005
Scooby-Doo! Unmasked,2005
Viewtiful Joe: Double Trouble!,2005
Frantix,2005
The Legend of Heroes: A Tear of Vermillion,2005
PQ: Practical Intelligence Quotient,2005
Lost in Blue,2005
Ghost in the Shell: Stand Alone Complex,2005
The Hustle: Detroit Streets,2005
Dig Dug: Digging Strike,2005
Frogger: Helmet Chaos,2005
Mega Man Battle Network 5: Double Team DS,2005
Nanostray,2005
Sega Casino,2005
Teenage Mutant Ninja Turtles 3: Mutant Nightmare,2005
Pac-Man World 3,2005
Smart Bomb,2005
Tokobot,2005
Fullmetal Alchemist: Dual Sympathy,2005
Exit,2005
Bubble Bobble Revolution,2005
Elf Bowling 1&2,2005
The Rub Rabbits!,2005
Rainbow Islands Revolution,2005
Kao Challengers,2005
Electroplankton,2005
LifeSigns: Surgical Unit,2005
Space Invaders Revolution,2005
Wii Play,2006
New Super Mario Bros.,2006
Pok�mon Diamond,2006
Pok�mon Pearl,2006
Gears of War,2006
The Legend of Zelda: Twilight Princess,2006
Cooking Mama,2006
Marvel Ultimate Alliance,2006
Daxter,2006
The Elder Scrolls IV: Oblivion,2006
Madden NFL 07,2006
Grand Theft Auto: Vice City Stories,2006
Resistance: Fall of Man,2006
MotorStorm,2006
Call of Duty 3,2006
Yoshi's Island DS,2006
Tom Clancy's Ghost Recon: Advanced Warfighter,2006
Fight Night Round 3,2006
Pok�mon Ranger,2006
Rayman Raving Rabbids,2006
Saints Row,2006
Tom Clancy's Rainbow Six: Vegas,2006
Dead Rising,2006
Call of Duty 3,2006
Lost Planet: Extreme Condition,2006
Mario Hoops 3 on 3,2006
LEGO Star Wars II: The Original Trilogy,2006
Super Monkey Ball: Banana Blitz,2006
The Sims 2: Pets,2006
Need for Speed: Carbon - Own the City,2006
WarioWare: Smooth Moves,2006
Fight Night Round 3,2006
Final Fantasy III,2006
SOCOM: U.S. Navy SEALs - Fireteam Bravo 2,2006
Madden NFL 07,2006
Monster 4x4: World Circuit,2006
Kirby: Squeak Squad,2006
Pok�mon Battle Revolution,2006
Medal of Honor: Heroes,2006
Tekken: Dark Resurrection,2006
Need for Speed: Carbon,2006
Mario vs. Donkey Kong 2: March of the Minis,2006
Sonic Rivals,2006
Disney/Pixar Cars,2006
NCAA Football 07,2006
Mortal Kombat: Unchained,2006
MX vs. ATV: On the Edge,2006
Tom Clancy's Splinter Cell: Double Agent,2006
Tetris DS,2006
LEGO Star Wars II: The Original Trilogy,2006
Red Steel,2006
Metroid Prime: Hunters,2006
LEGO Star Wars II: The Original Trilogy,2006
NBA 2K7 ,2006
SEGA Genesis Collection,2006
Call of Duty 3,2006
NBA Live 07,2006
GT Pro Series,2006
Madden NFL 07,2006
SpongeBob SquarePants: The Yellow Avenger,2006
Madden NFL 07,2006
Fight Night Round 3,2006
Need for Speed: Carbon,2006
Need for Speed: Carbon,2006
WWE SmackDown vs. Raw 2007,2006
Tiger Woods PGA Tour 07,2006
Viva Pi�ata,2006
SpongeBob Squarepants: Creature from the Krusty Krab,2006
Tony Hawk's Project 8,2006
Tony Hawk's Project 8,2006
NBA LIVE 07 ,2006
Excite Truck,2006
Harvest Moon DS,2006
Star Fox Command,2006
Metal Gear Solid: Portable Ops,2006
Marvel Ultimate Alliance,2006
Blazing Angels: Squadrons of WWII,2006
Major League Baseball 2K6,2006
NCAA Football 07,2006
MLB 06: The Show,2006
Blazing Angels: Squadrons of WWII,2006
WWE SmackDown vs. Raw 2007,2006
Rune Factory: A Fantasy Harvest Moon,2006
Marvel Ultimate Alliance,2006
Marvel Ultimate Alliance,2006
Tiger Woods PGA Tour 07,2006
Ace Combat X: Skies of Deception,2006
Killzone: Liberation,2006
F.E.A.R.: First Encounter Assault Recon,2006
NBA 2K7,2006
Tony Hawk's Project 8,2006
Avatar: The Last Airbender,2006
Castlevania: Portrait of Ruin,2006
Hitman: Blood Money,2006
Rockstar Games presents Table Tennis,2006
Trauma Center: Second Opinion,2006
Tenchu Z,2006
Elite Beat Agents,2006
Street Fighter Alpha 3 MAX,2006
Blue Dragon,2006
The Lord of the Rings: The Battle for Middle Ea...,2006
Prey,2006
Over the Hedge,2006
Capcom Classics Collection Reloaded,2006
FIFA Soccer 07,2006
Pirates of the Caribbean: Dead Man's Chest,2006
NHL 07 ,2006
Monster Hunter Freedom,2006
Chromehounds,2006
Test Drive Unlimited,2006
Dragon Ball Z: Budokai Tenkaichi 2,2006
Dragon Quest Monsters: Joker,2006
Pirates of the Caribbean: Dead Man's Chest,2006
NFL Street 3,2006
Syphon Filter: Dark Mirror,2006
NBA 07,2006
FIFA World Cup: Germany 2006,2006
Ridge Racer 7,2006
The Outfit,2006
Elebits,2006
Tony Hawk's Downhill Jam,2006
The Sims 2: Pets,2006
Tiger Woods PGA Tour 07,2006
Disney/Pixar Cars,2006
Thrillville,2006
The Godfather: The Game,2006
Rampage: Total Destruction,2006
College Hoops 2K7,2006
Far Cry: Instincts - Predator,2006
Full Auto,2006
Age of Empires: The Age of Kings,2006
Need for Speed: Carbon - Own the City,2006
Brothers in Arms: D-Day,2006
Family Guy Video Game!,2006
Superman Returns,2006
Over G Fighters,2006
Final Fantasy XI Online,2006
Mystery Dungeon: Shiren the Wanderer,2006
Phoenix Wright: Ace Attorney - Justice for All,2006
Justice League Heroes,2006
Valhalla Knights,2006
Genji: Days of the Blade,2006
Top Spin 2,2006
Field Commander,2006
Children of Mana,2006
Valkyrie Profile: Lenneth,2006
Brain Boost: Beta Wave,2006
Brain Boost: Gamma Wave,2006
Monster House,2006
Enchanted Arms,2006
NHL 07,2006
Bust-a-Move Deluxe,2006
Full Auto 2: Battlelines,2006
Blitz: The League,2006
Star Trek Legacy,2006
Eragon,2006
Master of Illusion,2006
Mega Man ZX,2006
Untold Legends: The Warrior's Code,2006
Super Swing Golf,2006
World Series of Poker: Tournament of Champions,2006
X-Men: The Official Game,2006
Untold Legends: Dark Kingdom,2006
Happy Feet,2006
Open Season,2006
Dungeon Siege: Throne of Agony,2006
LocoRoco,2006
Dead or Alive: Xtreme 2,2006
Fuzion Frenzy 2,2006
MotoGP '06,2006
Lumines II,2006
Tamagotchi Connexion: Corner Shop,2006
Major League Baseball 2K6,2006
Star Wars: Lethal Alliance,2006
Worms: Open Warfare,2006
Eragon,2006
Metal Slug Anthology,2006
Open Season,2006
Tom Clancy's Splinter Cell: Double Agent,2006
Avatar: The Last Airbender,2006
FIFA World Cup: Germany 2006,2006
Lemmings,2006
Mega Man Powered Up,2006
College Hoops 2K6,2006
Dynasty Warriors 5: Empires,2006
Magical Starsign,2006
Resident Evil: Deadly Silence,2006
X-Men: The Official Game,2006
NBA Ballers: Rebound,2006
World Series of Poker: Tournament of Champions,2006
Cabela's African Safari,2006
Cabela's Alaskan Adventures,2006
Armored Core 4,2006
Eragon,2006
LostMagic,2006
Magnetica,2006
Def Jam Fight for NY: The Takeover,2006
NASCAR 07,2006
The Ant Bully,2006
Just Cause,2006
Onechanbara: Bikini Samurai Squad,2006
Phantasy Star Universe,2006
Project Sylpheed: Arc of Deception,2006
Winning Eleven: Pro Evolution Soccer 2007,2006
Kororinpa: Marble Mania,2006
Charlotte's Web,2006
Digimon World DS,2006
Justice League Heroes,2006
Innocent Life: A Futuristic Harvest Moon,2006
Power Stone Collection,2006
EA Replay,2006
Open Season,2006
Samurai Warriors 2,2006
Disney/Pixar Cars,2006
Far Cry: Vengeance,2006
Import Tuner Challenge,2006
Contact,2006
Finding Nemo: Escape to the Big Blue,2006
Touch Detective,2006
FIFA Street 2,2006
007: From Russia with Love,2006
PaRappa the Rapper,2006
Riviera: The Promised Land,2006
Samurai Warriors: State of War,2006
Viewtiful Joe: Red Hot Rumble,2006
Ice Age 2: The Meltdown,2006
Rumble Roses XX,2006
Bionicle Heroes,2006
Deep Labyrinth,2006
Blade Dancer: Lineage of Light,2006
Every Extend Extra,2006
Ultimate Ghosts 'N' Goblins,2006
Xiaolin Showdown,2006
Bionicle Heroes,2006
Bullet Witch,2006
Activision Hits Remixed,2006
Death Jr. II: Root of Evil,2006
Alex Rider: Stormbreaker,2006
Cartoon Network Racing,2006
Guilty Gear: Dust Strikers,2006
Gunpey DS,2006
March of the Penguins,2006
Lara Croft Tomb Raider: Legend,2006
Worms: Open Warfare,2006
Mercury Meltdown,2006
MTX Mototrax,2006
Snoopy vs. the Red Baron,2006
Super Monkey Ball Adventure,2006
Ys VI: The Ark of Napishtim,2006
World Series of Poker: Tournament of Champions,2006
Bomberman Land Touch!,2006
Lionel Trains on Track,2006
Point Blank DS,2006
Scurge: Hive,2006
Star Trek: Tactical Assault,2006
Tao's Adventure: Curse of the Demon Seal,2006
Ford Bold Moves Street Racing,2006
Gitaroo Man Lives!,2006
Gradius Collection,2006
The Legend of Heroes II: Prophecy of the Moonli...,2006
Pac-Man World Rally,2006
Bomberman: Act Zero,2006
Taito Legends: Power-Up,2006
Wing Island,2006
Earth Defense Force 2017,2006
WarTech: Senko no Ronde,2006
MechAssault: Phantom War,2006
Astonishia Story,2006
B-Boy,2006
BattleZone,2006
Bounty Hounds,2006
Bubble Bobble Evolution,2006
MotoGP,2006
OutRun 2006: Coast 2 Coast,2006
Stacked with Daniel Negreanu,2006
Street Supremacy,2006
Warhammer: Battle for Atluma,2006
Online Chess Kingdoms,2006
Freedom Wings,2006
Konductra,2006
SBK: Snowboard Kids,2006
Tenchu: Dark Secret,2006
Dungeon Maker: Hunting Ground,2006
Metal Gear Solid: Digital Graphic Novel,2006
Payout Poker & Casino,2006
Rengoku 2: Stairway to H.E.A.V.E.N.,2006
Star Trek: Tactical Assault,2006
Micro Machines V4,2006
Platypus,2006
Custom Robo Arena,2006
Monster Bomber,2006
Gurumin: A Monstrous Adventure,2006
Pocket Racers,2006
Spider-Man 3,2006
Wii Fit,2007
Halo 3,2007
Call of Duty 4: Modern Warfare,2007
Super Mario Galaxy,2007
Mario Party DS,2007
Mario Party 8,2007
Guitar Hero III: Legends of Rock,2007
Link's Crossbow Training,2007
Guitar Hero III: Legends of Rock,2007
Assassin's Creed,2007
LEGO Star Wars: The Complete Saga,2007
Call of Duty 4: Modern Warfare,2007
Mario & Sonic at the Olympic Games,2007
LEGO Star Wars: The Complete Saga,2007
Forza Motorsport 2,2007
Madden NFL 08,2007
Guitar Hero II,2007
Rock Band,2007
The Legend of Zelda: Phantom Hourglass,2007
Pok�mon Mystery Dungeon: Explorers of Darkness,2007
Pok�mon Mystery Dungeon: Explorers of Time,2007
Assassin's Creed,2007
Uncharted: Drake's Fortune,2007
Mass Effect,2007
Cooking Mama 2: Dinner with Friends,2007
BioShock,2007
Super Paper Mario,2007
Game Party,2007
Ratchet & Clank: Size Matters,2007
Dance Dance Revolution Hottest Party,2007
Guitar Hero III: Legends of Rock,2007
Cooking Mama: Cook Off,2007
Gran Turismo 5: Prologue,2007
Professor Layton and the Curious Village,2007
Resident Evil 4,2007
The Elder Scrolls IV: Oblivion,2007
Transformers: Autobots,2007
Transformers: Decepticons,2007
High School Musical: Sing It!,2007
Diddy Kong Racing DS,2007
High School Musical: Makin' the Cut,2007
Big Brain Academy: Wii Degree,2007
Need for Speed: ProStreet,2007
Deal or No Deal,2007
LEGO Star Wars: The Complete Saga,2007
Sonic and the Secret Rings,2007
The Orange Box,2007
Crackdown,2007
Rock Band,2007
Tiger Woods PGA Tour 08,2007
WWE Smackdown vs. Raw 2008,2007
Madden NFL 08,2007
Call of Duty 4: Modern Warfare,2007
MySims,2007
Mario Strikers Charged,2007
Star Wars Battlefront: Renegade Squadron,2007
Flash Focus: Vision Training in Minutes a Day,2007
Metroid Prime 3: Corruption,2007
AMF Bowling Pinbusters!,2007
Tom Clancy's Ghost Recon: Advanced Warfighter 2...,2007
Madden NFL 08,2007
Ratchet & Clank Future: Tools of Destruction,2007
LEGO Star Wars: The Complete Saga,2007
Rayman Raving Rabbids 2,2007
NBA 2K8 ,2007
Namco Museum DS,2007
Need for Speed: ProStreet,2007
Blazing Angels: Squadrons of WWII,2007
Drawn to Life,2007
EA Playground,2007
Major League Baseball 2K7,2007
I Spy Fun House,2007
Resident Evil: The Umbrella Chronicles,2007
NCAA Football 08,2007
Spectrobes,2007
Disney/Pixar Cars: Mater-National Championship,2007
The Sims 2: Castaway,2007
skate.,2007
WWE Smackdown vs. Raw 2008,2007
Madden NFL 08,2007
NBA Live 08,2007
The Simpsons Game,2007
Ace Combat 6: Fires of Liberation,2007
Heavenly Sword,2007
Ninja Gaiden Sigma,2007
Ben 10: Protector of the Earth,2007
The Simpsons Game,2007
CrossworDS,2007
Sonic Rush Adventure,2007
Tiger Woods PGA Tour 08,2007
Tony Hawk's Proving Ground,2007
Call of Duty: Roads to Victory,2007
Transformers: The Game,2007
NBA 2K8,2007
Medal of Honor: Heroes 2,2007
Smarty Pants,2007
Spider-Man 3,2007
Tom Clancy's Rainbow Six: Vegas,2007
Need for Speed: ProStreet,2007
NBA LIVE 08 ,2007
Dance Dance Revolution Universe 2,2007
MX vs. ATV Untamed,2007
Final Fantasy IV,2007
WWE Smackdown vs. Raw 2009,2007
NBA Street Homecourt,2007
The Simpsons Game,2007
Winter Sports: The Ultimate Challenge,2007
WWE Smackdown vs. Raw 2008,2007
Warhawk,2007
Tiger Woods PGA Tour 07,2007
"Scene It? Lights, Camera, Action",2007
Crash of the Titans,2007
Sonic Rivals 2,2007
Boogie,2007
Medal of Honor: Airborne,2007
The Sims 2: Castaway,2007
Spider-Man 3,2007
Lost Odyssey,2007
Bee Movie Game,2007
Spider-Man 3,2007
Final Fantasy Tactics,2007
Endless Ocean,2007
SingStar,2007
Ratatouille,2007
The Sims 2: Pets,2007
Two Worlds,2007
Crash of the Titans,2007
Sonic the Hedgehog,2007
Mega Man Star Force: Dragon,2007
Mega Man Star Force: Leo,2007
Mega Man Star Force: Pegasus,2007
Disney/Pixar Cars: Mater-National Championship,2007
Sonic the Hedgehog,2007
Harry Potter and the Order of the Phoenix,2007
Nicktoons: Attack of the Toybots,2007
WWE Smackdown vs. Raw 2008,2007
The Simpsons Game,2007
DiRT,2007
Kane & Lynch: Dead Men,2007
Jam Sessions,2007
Monster Hunter Freedom 2,2007
Shadowrun,2007
FIFA Soccer 08,2007
Thrillville: Off the Rails,2007
Tony Hawk's Proving Ground,2007
My Word Coach,2007
The World Ends With You,2007
The BIGS,2007
NCAA Football 08,2007
Final Fantasy Tactics A2: Grimoire of the Rift,2007
Beowulf: The Game,2007
The Darkness,2007
Tom Clancy's Ghost Recon: Advanced Warfighter 2...,2007
Final Fantasy,2007
Lair,2007
Transformers: The Game,2007
Command & Conquer 3: Tiberium Wars,2007
Overlord,2007
FIFA Soccer 08,2007
Diner Dash,2007
Medal of Honor: Heroes 2,2007
FIFA Soccer 08,2007
MX vs. ATV Untamed,2007
Time Crisis 4,2007
Dragon Ball Z: Budokai Tenkaichi 3,2007
Final Fantasy XII: Revenant Wings,2007
SOCOM: U.S. Navy SEALs - Tactical Strike,2007
Unreal Tournament III,2007
Bee Movie Game,2007
Def Jam: Icon,2007
Transformers: The Game,2007
TimeShift,2007
SSX Blur,2007
Bleach: The Blade of Fate,2007
EA Playground,2007
Final Fantasy II,2007
skate.,2007
The Eye of Judgment,2007
MLB 07: The Show,2007
Virtua Fighter 5,2007
NiGHTS: Journey of Dreams,2007
Puzzle Quest: Challenge of the Warlords,2007
NBA Live 08,2007
Kane & Lynch: Dead Men,2007
Crash of the Titans,2007
Harry Potter and the Order of the Phoenix,2007
SimCity DS,2007
Wario: Master of Disguise,2007
My Horse & Me,2007
No More Heroes,2007
BlackSite: Area 51,2007
Shrek the Third,2007
Shrek the Third,2007
Surf's Up,2007
MLB 07: The Show,2007
TMNT,2007
Spider-Man: Friend or Foe,2007
Contra 4,2007
Phoenix Wright: Ace Attorney - Trials and Tribu...,2007
Disney Pirates of the Caribbean: At World's End,2007
Dragon Ball Z: Shin Budokai - Another Road,2007
Metal Gear Solid: Portable Ops + Coded Arms (Double Pack),2007
Spider-Man 3,2007
The Golden Compass,2007
Stuntman: Ignition,2007
Chicken Shoot,2007
Shrek the Third,2007
DK: Jungle Climber,2007
Dragon Quest IV: Chapters of the Chosen,2007
300: March to Glory,2007
Fire Emblem: Radiant Dawn,2007
The Golden Compass,2007
Manhunt 2,2007
NASCAR 08,2007
Virtua Tennis 3,2007
All-Pro Football 2K8,2007
Major League Baseball 2K7,2007
John Deere: Harvest in the Heartland,2007
The Warriors,2007
Ghost Rider,2007
Tony Hawk's Proving Ground,2007
Juiced 2: Hot Import Nights,2007
Juiced 2: Hot Import Nights,2007
The Simpsons Game,2007
Syphon Filter: Logan's Shadow,2007
Tiger Woods PGA Tour 08,2007
Ratatouille,2007
Trauma Center: New Blood,2007
Hotel Dusk: Room 215,2007
Mega Man ZX Advent,2007
FIFA Soccer 08,2007
Silent Hill: 0rigins,2007
Harry Potter and the Order of the Phoenix,2007
NHL 08 ,2007
Castlevania: The Dracula X Chronicles,2007
Tony Hawk's Proving Ground,2007
Jeanne d'Arc,2007
BWii: Battalion Wars 2,2007
Battlestations: Midway,2007
Dragon Ball Z: Harukanaru Densetsu,2007
Touch the Dead,2007
The Darkness,2007
Donkey Kong Barrel Blast,2007
The BIGS,2007
Armored Core 4,2007
Etrian Odyssey,2007
Ben 10: Protector of the Earth,2007
Tom Clancy's Splinter Cell: Double Agent,2007
Looney Tunes: Acme Arsenal,2007
Zack & Wiki: Quest for Barbaros' Treasure,2007
Monster Jam,2007
Virtua Fighter 5,2007
Lunar Knights,2007
Enchanted Arms,2007
F.E.A.R.: First Encounter Assault Recon,2007
Folklore,2007
Juiced 2: Hot Import Nights,2007
The Elder Scrolls IV: Shivering Isles,2007
Final Fantasy XI: Wings of the Goddess,2007
NHL 08,2007
NCAA 07 March Madness,2007
Rayman Raving Rabbids,2007
Viva Pi�ata: Party Animals,2007
Warriors Orochi,2007
Luminous Arc,2007
Picross DS,2007
Harry Potter and the Order of the Phoenix,2007
College Hoops 2K7,2007
The BIGS,2007
Stuntman: Ignition,2007
Mortal Kombat: Armageddon,2007
Def Jam: Icon,2007
Soulcalibur Legends,2007
Surf's Up,2007
"Left Brain, Right Brain",2007
Planet Puzzle League,2007
DiRT,2007
TMNT,2007
Soldier of Fortune: Payback,2007
Dynasty Warriors: Gundam,2007
Disney Pirates of the Caribbean: At World's End,2007
Bee Movie Game,2007
Dynasty Warriors: Gundam,2007
Golden Axe,2007
Dementium: The Ward,2007
Rondo of Swords,2007
Disgaea: Afternoon of Darkness,2007
NASCAR 08,2007
Dragon Quest Swords: The Masked Queen and the T...,2007
Call of Juarez,2007
College Hoops 2K8,2007
Eternal Sonata,2007
Kingdom Under Fire: Circle of Doom,2007
Vampire Rain,2007
All-Pro Football 2K8,2007
Mercury Meltdown,2007
Disney/Pixar Cars: Mater-National Championship,2007
Hard Rock Casino,2007
Conan,2007
Cranium Kabookii,2007
The Godfather: Blackhand Edition,2007
Godzilla: Unleashed,2007
NBA Live 08,2007
Conan,2007
Spider-Man: Friend or Foe,2007
College Hoops 2K8,2007
NBA 08,2007
Thrillville: Off the Rails,2007
Geometry Wars: Galaxies,2007
Rayman Raving Rabbids,2007
WordJong,2007
"Warhammer 40,000: Squad Command",2007
Beowulf: The Game,2007
The Golden Compass,2007
Scarface: The World is Yours,2007
Hot Wheels: Beat That!,2007
NHL 2K8 ,2007
NBA Street Homecourt,2007
Geometry Wars: Galaxies,2007
Final Fantasy: Crystal Chronicles - Echoes of Time,2007
Godzilla Unleashed: Double Smash,2007
MX vs. ATV Untamed,2007
WWE SmackDown vs. Raw 2008,2007
The BIGS,2007
Brave Story: New Traveler,2007
WipEout Pulse,2007
TimeShift,2007
Star Trek: Conquest,2007
Beautiful Katamari,2007
Hour of Victory,2007
Fantastic Four: Rise of the Silver Surfer,2007
SEGA Rally Revo,2007
7 Wonders of the Ancient World,2007
Arctic Tale,2007
Draglade,2007
Final Fantasy Fables: Chocobo Tales,2007
Marvel Trading Card Game,2007
Crazy Taxi: Fare Wars,2007
Diner Dash: Sizzle & Serve,2007
The Golden Compass,2007
Harry Potter and the Order of the Phoenix,2007
Hot Wheels: Ultimate Racing,2007
Bladestorm: The Hundred Years' War,2007
Surf's Up,2007
Uno / Skip-Bo / Uno Freefall,2007
Blazing Angels 2: Secret Missions of WWII,2007
InuYasha: Secret of the Divine Jewel,2007
The Settlers,2007
Shrek the Third,2007
Ratatouille,2007
Soldier of Fortune: Payback,2007
Heatseeker,2007
NHL 2K8,2007
NCAA March Madness 08,2007
Fantastic Four: Rise of the Silver Surfer,2007
Monster Madness: Battle for Suburbia,2007
Pro Evolution Soccer 2008,2007
Blazing Angels 2: Secret Missions of WWII,2007
Cake Mania,2007
River King: Mystic Valley,2007
Touch Detective 2 1/2,2007
7 Wonders of the Ancient World,2007
Brooktown High,2007
Crush,2007
Jackass: The Game,2007
The Sims 2: Castaway,2007
Test Drive Unlimited,2007
Thrillville: Off the Rails,2007
Victorious Boxers: Revolution,2007
Bladestorm: The Hundred Years' War,2007
Looney Tunes: Acme Arsenal,2007
SEGA Rally Revo,2007
Death Jr. and the Science Fair of Doom,2007
Glory Days 2,2007
Indianapolis 500 Legends,2007
Jenga World Tour,2007
Operation: Vietnam,2007
Worms: Open Warfare 2,2007
Alien Syndrome,2007
BlackSite: Area 51,2007
Code Lyoko: Quest for Infinity,2007
Super Swing Golf Season 2,2007
CSI: Crime Scene Investigation - Hard Evidence,2007
FlatOut: Ultimate Carnage,2007
Zoids Assault,2007
Alien Syndrome,2007
Tetris Evolution,2007
Showtime Championship Boxing,2007
Heroes of Mana,2007
Myst,2007
Coded Arms: Contagion,2007
King of Clubs,2007
F.E.A.R. Files,2007
Ontamarama,2007
Pony Friends,2007
Retro Game Challenge,2007
Ultimate Mortal Kombat 3,2007
"Warhammer 40,000: Squad Command",2007
Juiced 2: Hot Import Nights,2007
Pursuit Force: Extreme Justice,2007
Jenga World Tour,2007
Medal of Honor: Vanguard,2007
World Series of Poker 2008: Battle for the Brac...,2007
Pro Evolution Soccer 2008,2007
Worms: Open Warfare 2,2007
Surf's Up,2007
Fantastic Four: Rise of the Silver Surfer,2007
Brothers in Arms DS,2007
Bubble Bobble Double Shot,2007
Fantastic Four: Rise of the Silver Surfer,2007
Showtime Championship Boxing,2007
Zendoku,2007
Heatseeker,2007
Manhunt 2,2007
SWAT: Target Liberty,2007
Anubis II,2007
Barnyard,2007
Escape from Bug Island,2007
Octomania,2007
Cabela's Big Game Hunter,2007
UEFA Champions League 2006-2007,2007
Aliens Vs Predator: Requiem,2007
NBA 08,2007
Guilty Gear XX ? Core,2007
Arkanoid DS,2007
Battleship / Connect Four / Sorry! / Trouble,2007
Code Lyoko,2007
Drake & Josh: Talent Showdown,2007
Dynasty Warriors DS: Fighter's Battle,2007
Orcs & Elves,2007
Prism: Light the Way,2007
Dead Head Fred,2007
Driver '76,2007
Hot Pixel,2007
The Legend of Heroes III: Song of the Ocean,2007
SEGA Rally Revo,2007
Bionicle Heroes,2007
Burnout Dominator,2007
Balls of Fury,2007
Samurai Warriors 2: Empires,2007
B-17: Fortress in the Sky,2007
Meteos: Disney Magic,2007
Turn It Around,2007
Cube,2007
Dragoneer's Aria,2007
The Fast and the Furious,2007
R-Type Command,2007
Virtua Tennis 3,2007
Virtua Tennis 3,2007
Balls of Fury,2007
Front Mission,2007
Konami Classics Series: Arcade Hits,2007
Lost in Blue 2,2007
Nancy Drew: The Deadly Secret of Olde World Park,2007
Nervous Brickdown,2007
Original Frisbee Disc Sports: Ultimate & Golf,2007
Sea Monsters: A Prehistoric Adventure,2007
After Burner: Black Falcon,2007
Capcom Puzzle World,2007
Puzzle Quest: Challenge of the Warlords,2007
Smash Court Tennis 3,2007
Traxxpad: Portable Studio,2007
UEFA Champions League 2006-2007,2007
Winx Club: Join the Club,2007
Driver: Parallel Lines,2007
Mario Kart Wii,2008
Grand Theft Auto IV,2008
Super Smash Bros.: Brawl,2008
Call of Duty: World at War,2008
Grand Theft Auto IV,2008
Gears of War 2,2008
Pok�mon: Platinum Version,2008
Metal Gear Solid 4: Guns of the Patriots,2008
Fable II,2008
Call of Duty: World at War,2008
Guitar Hero: World Tour,2008
LittleBigPlanet,2008
Fallout 3,2008
LEGO Indiana Jones: The Original Adventures,2008
Left 4 Dead,2008
Madden NFL 09,2008
Guitar Hero: On Tour,2008
Kung Fu Panda,2008
Rock Band 2,2008
Sega Superstars Tennis,2008
Guitar Hero: World Tour,2008
Animal Crossing: City Folk,2008
Mario & Sonic at the Olympic Games,2008
Madden NFL 09,2008
LEGO Batman: The Videogame,2008
Tom Clancy's Rainbow Six: Vegas 2,2008
Kirby Super Star Ultra,2008
Star Wars: The Force Unleashed,2008
God of War: Chains of Olympus,2008
Fallout 3,2008
Pure,2008
LEGO Indiana Jones: The Original Adventures,2008
Rock Band,2008
LEGO Batman: The Videogame,2008
Saints Row 2,2008
LEGO Batman: The Videogame,2008
Call of Duty: World at War,2008
Deca Sports,2008
Midnight Club: Los Angeles,2008
Mortal Kombat vs. DC Universe,2008
Army of Two,2008
Resistance 2,2008
Rock Band 2,2008
Midnight Club: Los Angeles,2008
Sonic Unleashed,2008
NBA 2K9 ,2008
Guitar Hero: World Tour,2008
Guitar Hero: Aerosmith,2008
Star Wars: The Force Unleashed,2008
Burnout Paradise,2008
Pokemon Ranger: Shadows of Almia,2008
Mortal Kombat vs. DC Universe,2008
Rock Band 2,2008
We Ski,2008
Dead Space,2008
Shaun White Snowboarding: Road Trip,2008
Star Wars: The Force Unleashed,2008
Guitar Hero: Aerosmith,2008
SOCOM: U.S. Navy SEALs - Confrontation,2008
SoulCalibur IV,2008
Battlefield: Bad Company,2008
Saints Row 2,2008
Guitar Hero: On Tour - Decades,2008
Devil May Cry 4,2008
Mystery Case Files: MillionHeir,2008
Battlefield: Bad Company,2008
Army of Two,2008
Rayman Raving Rabbids TV Party,2008
The House of the Dead 2 & 3 Return,2008
Far Cry 2,2008
Boom Blox,2008
Spore Creatures,2008
Madden NFL 09,2008
NCAA Football 09,2008
MLB 08: The Show,2008
Tom Clancy's Rainbow Six: Vegas 2,2008
Mercenaries 2: World in Flames,2008
Need for Speed: Undercover,2008
Guitar Hero: Aerosmith,2008
SoulCalibur IV,2008
Valkyria Chronicles,2008
Harvest Moon: Tree of Tranquility,2008
Star Wars: The Clone Wars - Jedi Alliance,2008
Need for Speed: Undercover,2008
Wario Land: Shake It!,2008
WWE Smackdown! vs Raw 2009,2008
NBA 2K9,2008
Major League Baseball 2K9,2008
NCAA Football 09,2008
Kung Fu Panda,2008
Devil May Cry 4,2008
Tom Clancy's EndWar,2008
LEGO Batman: The Videogame,2008
BioShock,2008
Bully: Scholarship Edition,2008
Prince of Persia,2008
Kung Fu Panda,2008
Sonic Chronicles: The Dark Brotherhood,2008
Midnight Club: L.A. Remix,2008
FIFA Soccer 09,2008
Chrono Trigger,2008
High School Musical 2: Work This Out!,2008
Tomb Raider: Underworld,2008
skate it,2008
The Legendary Starfy,2008
Mirror's Edge,2008
FIFA Soccer 09,2008
Haze,2008
Dissidia: Final Fantasy,2008
Sid Meier's Civilization: Revolution,2008
Wall-E,2008
Prince of Persia,2008
NHL 09 ,2008
Brothers in Arms: Hell's Highway,2008
Shaun White Snowboarding,2008
Turok,2008
Iron Man,2008
SpongeBob SquarePants Featuring Nicktoons: Globs of Doom,2008
WWE Smackdown! vs Raw 2009,2008
De Blob,2008
Sonic Riders: Zero Gravity,2008
Rhythm Heaven,2008
Big Beach Sports,2008
Tomb Raider: Underworld,2008
Advance Wars: Days of Ruin,2008
LEGO Batman: The Videogame,2008
Far Cry 2,2008
Harvest Moon: Island of Happiness,2008
Brothers in Arms: Hell's Highway,2008
Sonic Unleashed,2008
Pinball Hall of Fame: The Williams Collection,2008
Sonic Unleashed,2008
Samba de Amigo,2008
WWE Smackdown! vs Raw 2009,2008
?kami,2008
LEGO Indiana Jones: The Original Adventures,2008
CSI: Crime Scene Investigation - Hard Evidence,2008
MotorStorm: Pacific Rift,2008
Tiger Woods PGA Tour 09,2008
SimCity Creator,2008
Tiger Woods PGA Tour 09,2008
Sid Meier's Civilization: Revolution,2008
Pure,2008
Turok,2008
Crash: Mind over Mutant,2008
Spider-Man: Web of Shadows,2008
Frontlines: Fuel of War,2008
GRID,2008
Too Human,2008
Speed Racer: The Videogame,2008
LEGO Indiana Jones: The Original Adventures,2008
SEGA Bass Fishing,2008
The Chronicles of Narnia: Prince Caspian,2008
Iron Man,2008
The Sims 2: Apartment Pets,2008
MLB 08: The Show,2008
Iron Man,2008
Madagascar: Escape 2 Africa,2008
GRID,2008
NHL 09,2008
Banjo-Kazooie: Nuts & Bolts,2008
Hot Shots Golf: Out of Bounds,2008
Rune Factory 2: A Fantasy Harvest Moon,2008
SimCity Creator,2008
Patapon,2008
Shaun White Snowboarding,2008
Iron Man,2008
Sega Superstars Tennis,2008
Lost Planet: Extreme Condition,2008
Mirror's Edge,2008
The Incredible Hulk,2008
Condemned 2: Bloodshot,2008
Buzz!: Quiz TV,2008
Sega Superstars Tennis,2008
You're in the Movies,2008
Speed Racer: The Videogame,2008
Viva Pi�ata: Pocket Paradise,2008
Tom Clancy's EndWar,2008
Iron Man,2008
Need for Speed: Undercover,2008
Scene It? Box Office Smash!,2008
Wall-E,2008
Spectrobes: Beyond the Portals,2008
MX vs. ATV Untamed,2008
Mercenaries 2: World in Flames,2008
Infinite Undiscovery,2008
TNA iMPACT!,2008
Enemy Territory: Quake Wars,2008
SingStar Vol.2,2008
Fire Emblem: Shadow Dragon,2008
Neopets Puzzle Adventure,2008
Tales of Vesperia,2008
SingStar ABBA,2008
Dragon Ball Z: Burst Limit,2008
Apollo Justice: Ace Attorney,2008
Cake Mania 2: Jill's Next Adventure!,2008
Castlevania: Order of Ecclesia,2008
Mega Man Star Force 2: Zerker X Ninja,2008
Mega Man Star Force 2: Zerker X Saurian,2008
Enemy Territory: Quake Wars,2008
Namco Museum: Virtual Arcade,2008
NASCAR 09,2008
Turning Point: Fall of Liberty,2008
Summer Athletics 2009,2008
FIFA Soccer 09,2008
Unreal Tournament III,2008
Nancy Drew: The Mystery of the Clue Bender Society,2008
Shaun White Snowboarding,2008
Dark Sector,2008
The Last Remnant,2008
Dragon Ball Z: Burst Limit,2008
NASCAR 09,2008
Turning Point: Fall of Liberty,2008
Boogie SuperStar,2008
MX vs. ATV Untamed,2008
Crash: Mind over Mutant,2008
The Incredible Hulk,2008
Silent Hill: Homecoming,2008
TNA iMPACT!,2008
The Incredible Hulk,2008
Kung Fu Panda,2008
Dark Sector,2008
Tales of Symphonia: Dawn of the New World,2008
Valkyrie Profile: Covenant of the Plume,2008
Spider-Man: Web of Shadows,2008
TV Show King,2008
AC/DC Live: Rock Band - Track Pack,2008
The Chronicles of Narnia: Prince Caspian,2008
Hot Shots Golf: Open Tee 2,2008
AC/DC Live: Rock Band - Track Pack,2008
Harvest Moon: Magical Melody,2008
We Love Golf!,2008
Dynasty Warriors 6,2008
Six Flags Fun Park,2008
Order Up!,2008
NBA Ballers: Chosen One,2008
Age of Empires: Mythologies,2008
LocoRoco 2,2008
Star Ocean: First Departure,2008
Lost: Via Domus,2008
Tetris Party,2008
Bully: Scholarship Edition,2008
The Spiderwick Chronicles,2008
Dynasty Warriors 6,2008
Facebreaker,2008
Ninja Gaiden: Dragon Sword,2008
Puzzler Collection,2008
Condemned 2: Bloodshot,2008
Silent Hill: Homecoming,2008
Command & Conquer: Red Alert 3,2008
Viking: Battle for Asgard,2008
Beijing 2008,2008
Don King Presents: Prizefighter,2008
Bomberman,2008
Ferrari Challenge Trofeo Pirelli,2008
Command & Conquer 3: Kane's Wrath,2008
Lost: Via Domus,2008
NHL 2K9 ,2008
Eternal Sonata,2008
Viva Pi�ata: Trouble in Paradise,2008
FlatOut: Head On,2008
Viking: Battle for Asgard,2008
Neopets Puzzle Adventure,2008
TNA iMPACT!,2008
Tomb Raider: Underworld,2008
The Club,2008
SNK Arcade Classics Vol. 1,2008
Zoo Hospital,2008
The Chronicles of Narnia: Prince Caspian,2008
WWE Smackdown! vs Raw 2009,2008
Cabela's Dangerous Hunts 2009,2008
Dark Messiah of Might and Magic: Elements,2008
Fracture,2008
Lips,2008
Bomberman Land,2008
Nitrobike,2008
Culdcept Saga,2008
Facebreaker,2008
MLB Power Pros 2008,2008
Mushroom Men: The Spore Wars,2008
Dragon Quest V: Hand of the Heavenly Bride,2008
Ninjatown,2008
Super Dodgeball Brawlers,2008
Dokapon Kingdom,2008
Alone in the Dark,2008
NBA 09: The Inside,2008
Sega Superstars Tennis,2008
Baja: Edge of Control,2008
Destroy All Humans! Big Willy Unleashed,2008
Space Invaders Extreme,2008
Ultimate Band,2008
The Club,2008
Madagascar: Escape 2 Africa,2008
NBA Ballers: Chosen One,2008
Dream Pinball 3D,2008
Madagascar: Escape 2 Africa,2008
Rock Band: Track Pack - Volume 2,2008
Karaoke Revolution Presents: American Idol Encore,2008
Pro Evolution Soccer 2008,2008
Avalon Code,2008
Disgaea DS,2008
Guitar Rock Tour,2008
Lost in Blue 3,2008
Syberia,2008
Afrika,2008
NFL Head Coach 09,2008
NHL 2K9,2008
Brothers in Arms: Double Time,2008
ObsCure: The Aftermath,2008
MotoGP 08,2008
NFL Head Coach 09,2008
NFL Tour,2008
Pinball Hall of Fame: The Williams Collection,2008
Baja: Edge of Control,2008
NFL Tour,2008
Wall-E,2008
Ninja Reflex,2008
Conflict: Denied Ops,2008
Top Spin 3,2008
Blitz: The League II,2008
Hellboy: The Science of Evil,2008
Castlevania Judgment,2008
Death Jr. II: Root of Evil,2008
Raiden IV,2008
Metal Slug 7,2008
Spider-Man: Web of Shadows,2008
Tecmo Bowl Kickoff,2008
Trauma Center: Under The Knife 2,2008
Alone in the Dark: Inferno,2008
Fracture,2008
Alone in the Dark,2008
Final Fantasy Fables: Chocobo's Dungeon,2008
The King of Fighters Collection: The Orochi Saga,2008
Klonoa: Door to Phantomile,2008
Samurai Warriors: Katana,2008
Battle of the Bands,2008
Hellboy: The Science of Evil,2008
Dragon Ball: Origins,2008
Ninja Reflex,2008
Space Bust-A-Move,2008
Top Spin 3,2008
UEFA Euro 2008,2008
"Blast Works: Build, Trade, Destroy",2008
FIFA Street 3,2008
Blitz: The League II,2008
Space Chimps,2008
The Spiderwick Chronicles,2008
Brain Voyage,2008
Etrian Odyssey II: Heroes of Lagaard,2008
Exit DS,2008
Line Rider 2: Unbound,2008
The King of Fighters Collection: The Orochi Saga,2008
Target: Terror,2008
Wild Earth: African Safari,2008
Legendary,2008
Universe at War: Earth Assault,2008
Smash Court Tennis 3,2008
Code Lyoko: Fall of X.A.N.A,2008
Knights in the Nightmare,2008
Lock's Quest,2008
Master of the Monster Lair,2008
N+,2008
Pipe Mania,2008
Pop Cutie! Street Fashion Simulation,2008
Red Bull BC One,2008
The Spiderwick Chronicles,2008
Summon Night: Twin Age,2008
Wild Arms XF,2008
FIFA Street 3,2008
MotoGP 08,2008
Harvey Birdman: Attorney at Law,2008
Let's Tap,2008
NHL 2K9,2008
Warhammer: Mark of Chaos - Battle March,2008
Conflict: Denied Ops,2008
Worms: A Space Oddity,2008
UEFA Euro 2008,2008
Overlord: Raising Hell,2008
Ford Racing Off Road,2008
SNK Arcade Classics Vol. 1,2008
Battle Fantasia,2008
Bangai-O Spirits,2008
Dungeon Explorer: Warriors of Ancient Arts,2008
From the Abyss,2008
Garfield's Fun Fest,2008
New International Track & Field,2008
Soul Bubbles,2008
Tropix!,2008
Unsolved Crimes,2008
Zubo,2008
Ford Racing Off Road,2008
Harvey Birdman: Attorney at Law,2008
Secret Agent Clank,2008
Space Invaders Extreme,2008
Armored Core: For Answer,2008
Legendary,2008
Agatha Christie: Evil Under the Sun,2008
Agatha Christie: And Then There Were None,2008
Armored Core: For Answer,2008
Cradle of Rome,2008
The Dark Spire,2008
"Flower, Sun and Rain",2008
Insecticide,2008
Izuna 2: The Unemployed Ninja Returns,2008
Looney Tunes: Cartoon Conductor,2008
Nanostray 2,2008
Hellboy: The Science of Evil,2008
Pipe Mania,2008
UEFA Euro 2008,2008
Vampire Rain,2008
Baroque,2008
Mortimer Beckett and the Secrets of the Spooky Manor,2008
Supreme Commander,2008
Hail to the Chimp,2008
Assassin's Creed: Alta�r's Chronicles,2008
Igor: The Game,2008
The Legend of Kage 2,2008
Rhapsody: A Musical Adventure,2008
Secret Files: Tunguska,2008
Toy Shop,2008
Downstream Panic!,2008
Fading Shadows,2008
Hail to the Chimp,2008
Emergency Mayhem,2008
Secret Files: Tunguska,2008
Chicken Hunter,2008
Commando: Steel Disaster,2008
Drone Tactics,2008
Eco-Creatures: Save the Forest,2008
Jake Hunter: Detective Chronicles,2008
"Teenage Zombies: ""Invasion of the Alien Brain T...",2008
Time Hollow,2008
N+,2008
Warriors Orochi,2008
Rise of the Argonauts,2008
George of the Jungle and the Search for the Secret,2008
Line Rider 2: Unbound,2008
PDC World Championship Darts 2008,2008
Rise of the Argonauts,2008
Dungeon Explorer: Warriors of Ancient Arts,2008
Summer Athletics: The Ultimate Challenge,2008
Away: Shuffle Dungeon,2008
PDC World Championship Darts,2008
Rebel Raiders: Operation Nighthawk,2008
Wii Sports Resort,2009
New Super Mario Bros. Wii,2009
Wii Fit Plus,2009
Call of Duty: Modern Warfare 2,2009
Call of Duty: Modern Warfare 2,2009
Halo 3: ODST,2009
Pok�mon HeartGold,2009
Pok�mon SoulSilver,2009
Assassin's Creed II,2009
Forza Motorsport 3,2009
Uncharted 2: Among Thieves,2009
Left 4 Dead 2,2009
Assassin's Creed II,2009
EA SPORTS Active,2009
Mario & Luigi: Bowser's Inside Story,2009
Resident Evil 5,2009
God of War Collection,2009
Borderlands,2009
Resident Evil 5,2009
Dragon Age: Origins,2009
UFC 2009 Undisputed,2009
Batman: Arkham Asylum,2009
Final Fantasy XIII,2009
Scribblenauts,2009
Killzone 2,2009
The Legend of Zelda: Spirit Tracks,2009
Batman: Arkham Asylum,2009
inFAMOUS,2009
Halo Wars,2009
Street Fighter IV,2009
Street Fighter IV,2009
UFC 2009 Undisputed,2009
The Beatles: Rock Band,2009
Sonic's Ultimate Genesis Collection,2009
Fight Night Round 4,2009
Punch-Out!!,2009
Guitar Hero 5,2009
Fight Night Round 4,2009
Tekken 6,2009
Ratchet & Clank: A Crack in Time (Collector's E...,2009
NBA 2K10,2009
Dragon Age: Origins,2009
skate 2,2009
Borderlands,2009
Prototype,2009
Toy Story Mania!,2009
NBA 2K10,2009
Demon's Souls,2009
Professor Layton and the Diabolical Box,2009
LEGO Indiana Jones 2: The Adventure Continues ,2009
Need for Speed: SHIFT,2009
MLB 09: The Show,2009
Marvel Ultimate Alliance 2,2009
Prototype,2009
Need for Speed: SHIFT,2009
Scooby-Doo! First Frights,2009
FIFA Soccer 10,2009
FIFA Soccer 10,2009
Grand Theft Auto: Chinatown Wars ,2009
Guitar Hero 5,2009
Br�tal Legend,2009
WWE SmackDown vs. Raw 2010,2009
Pok�mon Mystery Dungeon: Explorers of Sky,2009
Tekken 6,2009
Disney/Pixar Cars: Race-O-Rama,2009
Sonic's Ultimate Genesis Collection,2009
Band Hero,2009
Ghostbusters: The Video Game,2009
NHL 10 ,2009
Guitar Hero: Metallica,2009
Marvel Ultimate Alliance 2,2009
LittleBigPlanet,2009
WWE SmackDown vs. Raw 2010,2009
Monster Hunter Tri,2009
DJ Hero,2009
skate 2,2009
Br�tal Legend,2009
Bayonetta,2009
The Godfather II,2009
Guitar Hero 5,2009
Monster Hunter Freedom Unite,2009
WWE SmackDown vs. Raw 2010,2009
Red Faction: Guerrilla,2009
The House of the Dead: Overkill,2009
MX vs ATV Reflex,2009
Metroid Prime Trilogy,2009
Ghostbusters: The Video Game,2009
LEGO Indiana Jones 2: The Adventure Continues ,2009
Drawn to Life: The Next Chapter,2009
The Godfather II,2009
MX vs ATV Reflex,2009
Gran Turismo,2009
NHL 10,2009
Guitar Hero: Metallica,2009
X-Men Origins: Wolverine (Uncaged Edition),2009
MadWorld,2009
The Lord of the Rings: Conquest,2009
DJ Hero,2009
LEGO Rock Band,2009
Star Wars: The Clone Wars - Republic Heroes,2009
Assassin's Creed: Bloodlines,2009
Bayonetta,2009
The Lord of the Rings: Conquest,2009
BlazBlue: Calamity Trigger ,2009
LEGO Indiana Jones 2: The Adventure Continues ,2009
Resident Evil: The Darkside Chronicles,2009
Boom Blox Bash Party,2009
Indiana Jones and the Staff of Kings,2009
DJ Hero,2009
Call of Juarez: Bound in Blood,2009
NHL 2K10,2009
We Ski & Snowboard,2009
F.E.A.R. 2: Project Origin,2009
LEGO Rock Band,2009
Ghostbusters: The Video Game,2009
DiRT 2,2009
X-Men Origins: Wolverine (Uncaged Edition),2009
Red Faction: Guerrilla,2009
Pro Evolution Soccer 2010,2009
James Cameron's Avatar: The Game,2009
Call of Juarez: Bound in Blood,2009
Transformers: Revenge of the Fallen,2009
Guitar Hero Smash Hits,2009
Band Hero,2009
Dead Space: Extraction,2009
IL-2 Sturmovik: Birds of Prey,2009
White Knight Chronicles (EX Edition),2009
The Conduit,2009
Harry Potter and the Half-Blood Prince,2009
Spore Hero,2009
Guitar Hero: Metallica,2009
DiRT 2,2009
Sacred 2: Fallen Angel,2009
Grand Theft Auto: Chinatown Wars ,2009
Resistance: Retribution,2009
Major League Baseball 2K9,2009
Marvel Ultimate Alliance 2,2009
MLB 09: The Show,2009
Band Hero,2009
The Saboteur,2009
Wheelman,2009
Bookworm Deluxe,2009
Operation Flashpoint: Dragon Rising,2009
Wolfenstein,2009
Final Fantasy: Crystal Chronicles - Ring of Fates,2009
Monsters vs. Aliens,2009
WET,2009
Ben 10 Alien Force: Vilgax Attacks,2009
WET,2009
Tom Clancy's H.A.W.X,2009
Silent Hill: Shattered Memories,2009
Transformers: Revenge of the Fallen,2009
Up,2009
Sacred 2: Fallen Angel,2009
BlazBlue: Calamity Trigger (Limited Edition),2009
Harry Potter and the Half-Blood Prince,2009
Picross 3D,2009
Guitar Hero Smash Hits,2009
Pinball Hall of Fame: The Williams Collection,2009
Transformers: Revenge of the Fallen,2009
Wolfenstein,2009
Shaun White Snowboarding: World Stage,2009
Ghostbusters: The Video Game,2009
F.E.A.R. 2: Project Origin,2009
Final Fantasy: Crystal Chronicles - The Crystal...,2009
Ace Attorney Investigations: Miles Edgeworth,2009
Mini Ninjas,2009
IL-2 Sturmovik: Birds of Prey,2009
Wanted: Weapons of Fate,2009
Guitar Hero Smash Hits,2009
LEGO Rock Band,2009
Katamari Forever,2009
G.I. Joe: The Rise of Cobra,2009
Phantasy Star Portable,2009
Major League Baseball 2K9,2009
A Boy and his Blob,2009
Night at the Museum: Battle of the Smithsonian,2009
Battlestations: Pacific,2009
Up,2009
Overlord II,2009
Star Wars: The Clone Wars - Republic Heroes,2009
Jak & Daxter: The Lost Frontier,2009
Afro Samurai,2009
The Chronicles of Riddick: Assault on Dark Athena,2009
Divinity II: Ego Draconis,2009
Harry Potter and the Half-Blood Prince,2009
Section 8,2009
Tropico 3,2009
Star Wars: The Clone Wars - Republic Heroes,2009
G.I. Joe: The Rise of Cobra,2009
Marvel Ultimate Alliance 2,2009
Wanted: Weapons of Fate,2009
SimAnimals,2009
The Wizard of Oz: Beyond the Yellow Brick Road,2009
X-Men Origins: Wolverine,2009
Buzz!: Quiz World,2009
Saw,2009
Dead Rising: Chop Till You Drop,2009
Leisure Suit Larry: Box Office Bust,2009
Saw,2009
Terminator: Salvation,2009
Shin Megami Tensei: Devil Survivor,2009
Afro Samurai,2009
Bionic Commando,2009
Disney/Pixar Cars: Race-O-Rama,2009
Harry Potter and the Half-Blood Prince,2009
Wheelman,2009
Little King's Story,2009
Bionic Commando,2009
NHL 2K10 ,2009
NHL 2K10,2009
Fairytale Fights,2009
Trivial Pursuit,2009
G.I. Joe: The Rise of Cobra,2009
Monsters vs. Aliens,2009
Blood Bowl,2009
Disney/Pixar Cars: Race-O-Rama,2009
Dragon Ball Z: Attack of the Saiyans,2009
Might & Magic: Clash of Heroes,2009
Dawn of Discovery,2009
Final Fantasy: Crystal Chronicles - Echoes of Time,2009
Phantom Brave,2009
Terminator: Salvation,2009
Velvet Assassin,2009
Up,2009
Pro Evolution Soccer 2010,2009
The King of Fighters XII,2009
Monsters vs. Aliens,2009
Overlord II,2009
Peggle: Dual Shot,2009
Puzzle Quest: Galactrix,2009
WarioWare D.I.Y.,2009
The Chronicles of Riddick: Assault on Dark Athena,2009
Heroes Over Europe,2009
Mini Ninjas,2009
Rogue Warrior,2009
Stormrise,2009
Ice Age: Dawn of the Dinosaurs,2009
Virtua Tennis 2009,2009
50 Cent: Blood on the Sand,2009
Eat Lead: The Return of Matt Hazard,2009
Virtua Tennis 2009,2009
Puzzle Kingdoms,2009
Indiana Jones and the Staff of Kings,2009
Eat Lead: The Return of Matt Hazard,2009
Fairytale Fights,2009
Overlord: Dark Legend,2009
Puzzle Kingdoms,2009
Ben 10 Alien Force: Vilgax Attacks,2009
CSI: Crime Scene Investigation - Deadly Intent,2009
Hannah Montana: The Movie,2009
Jurassic: The Hunted,2009
Mini Ninjas,2009
Ninja Blade,2009
Virtua Tennis 2009,2009
Guitar Hero: Van Halen,2009
Watchmen: The End is Nigh - The Complete Experi...,2009
Broken Sword: Shadow of the Templars - The Dire...,2009
The Lord of the Rings: Conquest,2009
Half-Minute Hero,2009
50 Cent: Blood on the Sand,2009
FUEL,2009
Deadly Creatures,2009
FUEL,2009
Heroes Over Europe,2009
Rogue Warrior,2009
X-Blades,2009
Guitar Hero: Van Halen,2009
Monsters vs. Aliens,2009
Watchmen: The End is Nigh: Parts 1 and 2,2009
Fighting Fantasy: The Warlock of Firetop Mountain,2009
Overlord Minions,2009
Damnation,2009
Ice Age: Dawn of the Dinosaurs,2009
Ice Age: Dawn of the Dinosaurs,2009
Night at the Museum: Battle of the Smithsonian,2009
Raven Squad: Operation Hidden Dagger,2009
Stormrise,2009
SingStar Queen,2009
Guitar Hero: Van Halen,2009
Planet 51: The Game,2009
Damnation,2009
The King of Fighters XII,2009
Broken Sword: Shadow of the Templars - The Dire...,2009
Henry Hatsworth in the Puzzling Adventure,2009
Crimson Gem Saga,2009
Prinny: Can I Really Be the Hero?,2009
Leisure Suit Larry: Box Office Bust,2009
Cursed Mountain,2009
Rygar: The Legendary Adventure,2009
Safecracker: The Ultimate Puzzle Adventure,2009
Planet 51: The Game,2009
Black Sigil: Blade of the Exiled,2009
Infinite Space,2009
Moon,2009
Safecracker: The Ultimate Puzzle Adventure,2009
ObsCure: The Aftermath,2009
Undead Knights,2009
MLB Front Office Manager,2009
Shellshock 2: Blood Trails,2009
X-Blades,2009
Cate West: The Vanishing Files,2009
Coraline,2009
Grey's Anatomy: The Video Game,2009
Pool Hall Pro,2009
Rogue Trooper,2009
MLB Front Office Manager,2009
Race Pro,2009
Shellshock 2: Blood Trails,2009
Samurai Shodown Anthology,2009
Raiden Fighters Aces,2009
Dawn of Discovery,2009
Jake Hunter Detective Story: Memories of the Past,2009
Air Conflicts: Aces of World War II,2009
Mimana Iyar Chronicles,2009
Shadow of Destiny,2009
Risen,2009
Jewel Quest Mysteries,2009
Dynasty Warriors: Strikeforce,2009
PDC World Championship Darts 2009,2009
Legacy of Ys: Books I & II,2009
Super Mario Galaxy 2,2010
Red Dead Redemption,2010
God of War III,2010
Battlefield: Bad Company 2,2010
Red Dead Redemption,2010
Mass Effect 2,2010
BioShock 2,2010
Battlefield: Bad Company 2,2010
Tom Clancy's Splinter Cell: Conviction,2010
Final Fantasy XIII,2010
Heavy Rain,2010
MAG,2010
MLB 10: The Show,2010
BioShock 2,2010
Darksiders,2010
Alan Wake,2010
Darksiders,2010
Dante's Inferno (Divine Edition),2010
Aliens vs Predator,2010
Dante's Inferno,2010
Army of Two: The 40th Day,2010
Endless Ocean: Blue World,2010
Sonic Classic Collection,2010
Just Cause 2,2010
ModNation Racers,2010
Aliens vs Predator,2010
Army of Two: The 40th Day,2010
Just Cause 2,2010
Lost Planet 2,2010
Sonic & SEGA All-Stars Racing,2010
Tatsunoko vs. Capcom Ultimate All-Stars,2010
3D Dot Game Heroes,2010
Dragon Age: Origins - Awakening,2010
Prince of Persia: The Forgotten Sands (Limited ...,2010
Split/Second,2010
Lost Planet 2,2010
Sonic & SEGA All-Stars Racing,2010
Dragon Age: Origins - Awakening,2010
Alice in Wonderland,2010
Way of the Samurai 3,2010
Metro 2033,2010
Sonic & SEGA All-Stars Racing,2010
Blur,2010
How to Train Your Dragon,2010
MLB 10: The Show,2010
Prince of Persia: The Forgotten Sands (Limited ...,2010
Dark Void,2010
Dark Void,2010
Record of Agarest War,2010
Supreme Commander 2,2010
Blur,2010
Resonance of Fate,2010
Way of the Samurai 3,2010
Sin & Punishment: Star Successor,2010
Trauma Team,2010
Mega Man Zero Collection,2010
NieR,2010
NieR,2010
Resonance of Fate,2010
Shin Megami Tensei: Strange Journey,2010
Silent Hill: Shattered Memories,2010
Vancouver 2010,2010
Data East Arcade Classics,2010
How to Train Your Dragon,2010
Prison Break: The Conspiracy,2010
How to Train Your Dragon,2010
Vancouver 2010,2010
MotoGP 09/10,2010
MotoGP 09/10,2010
Prison Break: The Conspiracy,2010
"Sakura Wars: So Long, My Love",2010
Record of Agarest War (The Really Naughty Limited Edition),2010
Metal Slug XX,2010
2XL TrophyLite Rally,2010
The 3rd Birthday,2010
8-Bit Rebellion!,2010
15 Days,2010
101 MiniGolf World,2010
101 Shark Pets,2010
101-in-1 Sports Party Megamix,2010
1001 Crystal Mazes Collection,2010
1378 (km),2010
2010 FIFA World Cup South Africa (video game)A,2010
A.R.E.S.: Extinction Agenda,2010
Ace Combat: Joint Assault,2010
Achtung Panzer: Kharkov 1943,2010
Active Life: Explorer,2010
Age of Conan: Rise of the Godslayer,2010
AirAttack,2010
Akai Katana,2010
Alan Wake,2010
Alice in the Country of Hearts,2010
Alice in Wonderland (2010 video game),2010
Alien Breed 2: Assault,2010
Alien Breed 3: Descent,2010
Alien Swarm,2010
Aliens vs. Predator (2010 video game),2010
Allods Online,2010
Alpha Protocol,2010
Alter Ego (2010 video game),2010
Alternativa,2010
Amnesia: The Dark Descent,2010
Ancient Trader,2010
Ancients of Ooga,2010
Angry Birds Seasons,2010
Animal Jam,2010
Another Century's Episode: R,2010
Apache: Air Assault,2010
APB: All Points Bulletin,2010
Apple Jack (video game),2010
Apron of Magic,2010
Aqua (video game),2010
Ar Tonelico Qoga,2010
Arcania: Gothic 4,2010
Archetype (video game),2010
Argo Online,2010
ARMA 2: Operation Arrowhead,2010
Army of Two: The 40th Day,2010
Arrow of Laputa,2010
Arsenal of Democracy (video game),2010
Art of Balance,2010
Asphalt 6: Adrenaline,2010
Assassin's Creed: Brotherhood,2010
Atari Greatest Hits,2010
Atelier Totori: The Adventurer of Arland,2010
Attack of the Movies 3D,2010
Aura-Aura Climber,2010
AvaGlide,2010
Avalon Heroes,2010
AzkendB,2010
Babysitting Mama,2010
Back to the Future: The Game,2010
Backbreaker (video game),2010
Bakugan: Defenders of the Core,2010
The Ball (video game),2010
Banzai Rabbit,2010
Bar Oasis,2010
Batman: The Brave and the Bold – The Videogame,2010
Battle Dex,2010
Battle Kid: Fortress of Peril,2010
Battle of the Immortals,2010
Battlefield Online,2010
Battlefield: Bad Company 2,2010
Battlefield: Bad Company 2: Vietnam,2010
Beat Hazard,2010
Beatmania IIDX 18 Resort Anthem,2010
Bejeweled 3,2010
Bejeweled Blitz,2010
Ben 10 Alien Force: The Rise of Hex,2010
Ben 10 Ultimate Alien: Cosmic Destruction,2010
Ben Jordan: Paranormal Investigator,2010
Beyond Ynth,2010
BioShock 2,2010
BioShock 2: Minerva's Den,2010
Bit.Trip Fate,2010
Bit.Trip Runner,2010
Black Sails: The Ghost Ship,2010
Blacklight: Tango Down,2010
Blade Kitten,2010
Blaster Master: Overdrive,2010
BlayzBloo: Super Melee Brawlers Battle Royale,2010
Blaze Union: Story to Reach the Future,2010
Blood Drive (video game),2010
Bloody Good Time,2010
Blur (video game),2010
Body and Brain Connection,2010
Boku no Natsuyasumi 2,2010
Bomberman Live: Battlefest,2010
Breakaway (2010 video game),2010
Brothers in Arms 2: Global Front,2010
Bubble Ball,2010
Buildism,2010
Busou Shinki,2010
Buzz!: The Ultimate Music QuizC,2010
Cabela's Dangerous Hunts 2011,2010
Call of Duty: Black Ops,2010
Cannon Cadets,2010
Car Town,2010
Carnivores: Dinosaur Hunter,2010
Cart Life,2010
Casebook (video game),2010
Castlevania Puzzle: Encore of the Night,2010
Castlevania: Harmony of Despair,2010
Castlevania: Lords of Shadow,2010
Cause of Death (video game),2010
Chaos,Head Love Chu Chu!
Chaos Rings (video game),2010
Cherry Tree High Comedy Club,2010
Chime (video game),2010
Chip 'n Dale: Rescue Rangers (mobile game),2010
The Chronicles of Narnia: The Voyage of the Dawn Treader (video game),2010
Cities XL 2011,2010
CityVille,2010
Civilization V,2010
Cladun: This is an RPG,2010
Clash of the Titans (video game),2010
Clone Wars Adventures,2010
Clones (video game),2010
Comic Jumper: The Adventures of Captain Smiley,2010
Command & Conquer 4: Tiberian Twilight,2010
Command Ops: Battles from the Bulge,2010
Corpse Party,2010
Cosmos X2,2010
Costume Quest,2010
Cover Orange,2010
Cow Clicker,2010
Crackdown 2,2010
Crafting Mama,2010
Crash Bandicoot Nitro Kart 2,2010
Create (video game),2010
Crime Scene (video game),2010
Criminal Girls,2010
Cross Days,2010
Crunchball 3000,2010
Crystal Monsters,2010
CSI: Crime City,2010
CSI: Fatal Conspiracy,2010
CSI: Unsolved,2010
Cut the RopeD,2010
Dance Central (video game),2010
Dance Dance Revolution (2010 video game),2010
Dance Dance Revolution X2,2010
Dance Evolution,2010
Dance on Broadway,2010
Danganronpa: Trigger Happy Havoc,2010
Dante's Inferno (video game),2010
Dark Parables,2010
Dark Void,2010
Dark Void Zero,2010
Darkness Within 2: The Dark Lineage,2010
Darksiders,2010
Darkstar: The Interactive Movie,2010
Data East Arcade Classics,2010
Date Warp,2010
Dead Nation,2010
Dead or Alive Paradise,2010
Dead Rising 2,2010
Dead Space Ignition,2010
Dead to Rights: Retribution,2010
Deadliest Warrior: The Game,2010
Deadly Premonition,2010
Deadtime Stories (video game),2010
Death By Cube,2010
DeathSpank,2010
DeathSpank: Thongs of Virtue,2010
Def Jam Rapstar,2010
Dementium II,2010
Digimon Story Lost Evolution,2010
Digital: A Love Story,2010
Din's Curse,2010
Diner Dash 5: Boom!,2010
Dinner Date (video game),2010
Disc Drivin',2010
Disney Channel All Star Party,2010
Disney Sing It: Family Hits,2010
Disney Sing It: Party Hits,2010
Distant Worlds,2010
Dive: The Medes Islands Secret,2010
DJ Hero 2,2010
DJMax Portable 3,2010
DJMax Portable Hot Tunes,2010
DJMax Technika 2,2010
Doctor Who: Evacuation Earth,2010
Doctor Who: Return to Earth,2010
Doctor Who: The Adventure Games,2010
Doctor Who: The Mazes of Time,2010
Dofus Arena,2010
Dogfight 1951,2010
Dogfighter (2010 video game),2010
Donkey Kong Country Returns,2010
Dood's Big Adventure,2010
Doodle God,2010
3D Pixel Racing,2011
The 7th Guest: Infection,2011
1000 Heroz,2011
7554A,2011
ABBA: You Can Dance,2011
Acceleration of Suguri X Edition,2011
Ace Attorney Investigations 2,2011
Ace Combat: Assault Horizon,2011
Ace Combat: Assault Horizon Legacy,2011
Achron,2011
Adam's Venture,2011
The Adventures of Shuggy,2011
The Adventures of Tintin: The Secret of the Unicorn (video game),2011
AFL (Wii),2011
AFL Live,2011
Afterfall: Insanity,2011
Age of Empires Online,2011
Air Conflicts: Secret Wars,2011
Airport City (video game),2011
Aiyoku no Eustia,2011
Akane the Kunoichi,2011
Akiba's Trip,2011
Akimi Village,2011
Alice in the Country of Hearts,2011
Alice: Madness Returns,2011
Alien Zombie Megadeath,2011
Aliens Infestation,2011
All Kamen Rider: Rider Generation,2011
All Zombies Must Die!,2011
Alpha Kimori,2011
Alpha Polaris,2011
Amagami,2011
Amnesia (visual novel),2011
Angry Birds Rio,2011
Anno 2070,2011
Annoying Orange: Kitchen Carnage,2011
Anomaly: Warzone Earth,2011
Another Century's Episode Portable,2011
Ant Raid,2011
APOX,2011
Aquapazza: Aquaplus Dream Match,2011
Arcania: Fall of Setarrif,2011
Armageddon Riders,2011
Army Attack,2011
Army Corps of Hell,2011
Army of Darkness: Defense,2011
Ascension: Chronicle of the Godslayer,2011
Asphalt 3D,2011
Asphalt: Injection,2011
Assassin's Creed: Recollection,2011
Assassin's Creed: Revelations,2011
Async Corp.,2011
Atari Anthology,2011
Atari Greatest Hits,2011
Atelier Meruru: The Apprentice of Arland,2011
Atom Zombie Smasher,2011
Avadon: The Black Fortress,2011
Avernum: Escape from the PitB,2011
The Baconing,2011
Bag It!,2011
Bang Bang Racing,2011
Bastion (video game),2011
Batman: Arkham City,2011
Batman: Arkham City Lockdown,2011
Battle Nations,2011
Battle vs. Chess,2011
Battlefield 3,2011
Battlefield Play4Free,2011
Battleheart (video game),2011
Battlestar Galactica Online,2011
Beatmania IIDX 19: Lincle,2011
Beep (video game),2011
Ben 10: Galactic Racing,2011
Big Huggin',2011
The Binding of Isaac (video game),2011
Bionic Commando Rearmed 2,2011
Bit.Trip Complete,2011
Bit.Trip Flux,2011
Bit.Trip Saga,2011
The Black Eyed Peas Experience,2011
Black Prophecy,2011
Black Rock Shooter: The Game,2011
Blackwater (video game),2011
Blackwell (series),2011
Blast Monkeys,2011
Bleach: Soul Resurrección,2011
Blobster,2011
Blocks That Matter,2011
Bloodline Champions,2011
BloodRayne: Betrayal,2011
Blueprint 3D,2011
Bodycount (video game),2011
Brawl Busters,2011
Breach (video game),2011
Brink (video game),2011
Bug Heroes,2011
Bulletstorm,2011
Bumpy Road,2011
Burnout Crash!,2011
Busou Shinki,2011
Bust-a-Move UniverseC,2011
Cabals: Magic & Battle Cards,2011
Cabela's Big Game Hunter 2012,2011
Cabela's Survival: Shadows of Katmai,2011
Café 0: The Drowned Mermaid,2011
Call of Duty: Black Ops – Zombies,2011
Call of Duty: Modern Warfare 3,2011
Call of Duty: Modern Warfare 3 – Defiance,2011
Call of Juarez: The Cartel,2011
Camping Mama: Outdoor Adventures,2011
Cannon Fodder 3,2011
Capsized (video game),2011
Captain America: Super Soldier,2011
CardMon Hero,2011
Carmen Sandiego Adventures in Math,2011
Carnival Island,2011
Cars 2 (video game),2011
Cartoon Network: Punch Time Explosion,2011
Casey's Contraptions,2011
CastleMiner,2011
CastleVille,2011
The Cat and the Coup,2011
Catherine (video game),2011
Centipede: Infestation,2011
A Certain Magical Index,2011
Champion Jockey: G1 Jockey & Gallop Racer,2011
Chaos Code,2011
Chaos Rings Omega,2011
Child of Eden,2011
Cities in Motion,2011
Cities XL 2012,2011
CityVille Hometown,2011
Civilization World,2011
Clan of Champions,2011
Code 18,2011
Coin Drop!,2011
Combat Mission: Battle for Normandy,2011
Combat of Giants: Dinosaurs 3D,2011
Conduit 2,2011
Contre Jour,2011
Cooking Mama 4: Kitchen Magic,2011
Cordy (video game),2011
Crimson Alliance,2011
Crimson: Steam Pirates,2011
Crimzon Clover,2011
Cryptozookeeper,2011
Crysis 2,2011
Cubic Ninja,2011
Cubixx HD,2011
The Cursed CrusadeD,2011
Dance Central 2,2011
Dance Dance Revolution Freedom,2011
Dance Dance Revolution II,2011
DanceDanceRevolution X3 vs. 2ndMIX,2011
The Dark Eye: Chains of Satinav,2011
Dark Souls,2011
Darkest Hour: A Hearts of Iron Game,2011
Darkspore,2011
Dawn of Fantasy,2011
Days of Thunder (2011 video game),2011
DC Universe Online,2011
De Blob 2,2011
Dead Block,2011
Dead Island,2011
Dead or Alive: Dimensions,2011
Dead Rising 2: Off the Record,2011
Dead Space (mobile game),2011
Dead Space 2,2011
Deadliest Warrior: Legends,2011
Deca Sports Extreme,2011
Defenders of Ardania,2011
Deus Ex: Human Revolution,2011
Deus Ex: Human Revolution – The Missing Link,2011
Dice Soccer,2011
Digimon Fusion,2011
Dino D-Day,2011
Dirt 3,2011
Dirty Drivin',2011
Disgaea 4,2011
The Dishwasher: Vampire Smile,2011
Disney Princess: Enchanting Storybooks,2011
Disney Universe,2011
Dissidia 012 Final Fantasy,2011
DJMax Technika 3,2011
Doctor Lautrec and the Forgotten Knights,2011
"Don't Take It Personally, Babe, It Just Ain't Your Story",2011
Dragon Age II,2011
Dragon Ball Kai: Ultimate Butoden,2011
Dragon Ball Z: Ultimate Tenkaichi,2011
Dragon Fantasy,2011
DragonVale,2011
Drakensang Online,2011
DrawRace 2,2011
Dream Chronicles: The Book of Water,2011
Dream Club Zero,2011
Dreamcast Collection,2011
Dreamscape (video game),2011
Driver: Renegade,2011
Driver: San Francisco,2011
2 Fast 4 Gnomz,2012
2nd Super Robot Wars Original Generation,2012
007 Legends,2012
99 Levels to Hell,2012
99 Spirits,2012
1000 Amps,2012
10000000 (video game)A,2012
Abobo's Big Adventure,2012
Ace of Spades (video game),2012
Adam's Venture,2012
Adventure Time: Hey Ice King! Why'd You Steal Our Garbage?!!,2012
Age of Wushu,2012
Aikatsu!,2012
Air Conflicts: Pacific Carriers,2012
Air Mail (video game),2012
Alan Wake's American Nightmare,2012
Amazing Alex,2012
The Amazing Spider-Man (2012 video game),2012
Amnesia (visual novel),2012
Amnesia Fortnight 2012,2012
Amy (video game),2012
Analogue: A Hate Story,2012
Anarchy Reigns,2012
Angry Birds Friends,2012
Angry Birds Space,2012
Angry Birds Star Wars,2012
Angry Birds Trilogy,2012
Angry Brides,2012
Animal Crossing: New Leaf,2012
Anipang,2012
Anna (video game),2012
Anohana: The Flower We Saw That Day,2012
Apocalypse Max: Better Dead Than Undead,2012
ARC Squadron,2012
Arcane Legends,2012
Armored Core V,2012
Art Academy: Lessons for Everyone!,2012
Asphalt 7: Heat,2012
Assassin's Creed III,2012
Assassin's Creed III: Liberation,2012
Astronot (video game),2012
Asura's Wrath,2012
Atelier Ayesha: The Alchemist of Dusk,2012
Autumn Dynasty,2012
Awesomenauts,2012
Azkend 2: The World BeneathB,2012
Bad Piggies,2012
Baka and Test,2012
Baldur's Gate: Enhanced Edition,2012
The Basement Collection,2012
Basketball Pro Management,2012
Battle Buddies,2012
Battle of the Bulge (video game),2012
Battleloot Adventure,2012
Battleship (2012 video game),2012
Beach Buggy Blitz,2012
Beat Sneak Bandit,2012
Beatmania IIDX 20: Tricoro,2012
Ben 10: Omniverse (video game),2012
Ben Jordan: Paranormal Investigator,2012
Beyond the Labyrinth,2012
Big Top Ballet,2012
Binary Domain,2012
Birds of Steel,2012
Black Knight Sword,2012
Black Out!,2012
Blacklight: Retribution,2012
Blade & Soul,2012
Blades of Time,2012
Blast-A-Way,2012
BlazBlue: Chrono Phantasma,2012
BlazBlue: Clone Phantasma,2012
Bleed (video game),2012
Bloodforge,2012
Bloody Vampire,2012
Book of Spells,2012
The Book of Unwritten Tales: The Critter Chronicles,2012
Borderlands 2,2012
Botanicula,2012
Brain Age: Concentration Training,2012
Brave (video game),2012
Bravely Default,2012
Broken Picture Telephone,2012
Brothers Conflict,2012
Bubble Safari,2012
Bullet RunC,2012
Cabela's Dangerous Hunts 2013,2012
Cafeteria Nipponica,2012
Call of Cthulhu: The Wasted Land,2012
Call of Duty: Black Ops: Declassified,2012
Call of Duty: Black Ops II,2012
Candy Crush Saga,2012
Capcom Digital Collection,2012
Captain Morgane and the Golden Turtle,2012
Carmen Sandiego Adventures in Math,2012
Carrier Command: Gaea Mission,2012
The Cat Lady,2012
Catch-22 (video game),2012
Caverns of Minos,2012
Chaos on Deponia,2012
Chaos Rings II,2012
ChefVille,2012
Chivalry: Medieval Warfare,2012
Choplifter HD,2012
ChronoBlade,2012
Chronovolt,2012
Ciel Nosurge,2012
Cinders (video game),2012
CityVille 2,2012
Civilization V: Gods & Kings,2012
Clash of Clans,2012
Clay Jam,2012
Closure (video game),2012
Code of Princess,2012
Cognition: An Erica Reed Thriller,2012
Colors! 3D,2012
Command & Conquer: Tiberium Alliances,2012
Conception (video game),2012
Confrontation (video game),2012
"Cook, Serve, Delicious!",2012
Cortex Command,2012
Counter-Strike: Global Offensive,2012
Crashmo,2012
Crazy Cars: Hit the Road,2012
Criminal Case (video game),2012
Criminal Minds (video game),2012
Crosswords Plus,2012
Crusader Kings II,2012
Crusader Kings II: Sword of Islam,2012
CSR Racing,2012
Curiosity: What's Inside the Cube?,2012
Cypher (video game),2012
CytusD,2012
Da Capo III,2012
Dance Central 3,2012
Danganronpa 2: Goodbye Despair,2012
Dark Scavenger,2012
Dark Souls: Artorias of the Abyss,2012
The Darkness II,2012
Darksiders II,2012
Datura (video game),2012
DayZ (mod),2012
Dead Hungry Diner,2012
Dead or Alive 5,2012
Dead Trigger,2012
Deadlight,2012
Dear Esther,2012
Deep Black (video game),2012
Deep Sleep,2012
Deer Drive Legends,2012
Defender's Quest,2012
Demons' Score,2012
The Denpa Men: They Came By Wave,2012
Deponia (video game),2012
Devil's Attorney,2012
Diablo III,2012
Diabolical Pitch,2012
Diabolik Lovers,2012
Diamond Trust of London,2012
Digimon World Re:Digitize,2012
Dillon's Rolling Western,2012
Dirt: Showdown,2012
Dishonored,2012
Disney Princess: My Fairytale Adventure,2012
District 187: Sin Streets,2012
DJMax Ray,2012
DJMax Technika Tune,2012
Doctor Who: The Eternity Clock,2012
Doctor Who: Worlds in Time,2012
DoDonPachi SaiDaiOuJou,2012
Dokuro (video game),2012
Doom 3: BFG Edition,2012
Double Dragon Neon,2012
Double Fine Happy Action Theater,2012
Dragon Ball Z: For Kinect,2012
Dragon Coins,2012
Dragon Quest X,2012
Dragon Story,2012
Dragon's Dogma,2012
DragonBox,2012
Dramatical Murder,2012
Drawception,2012
Dream of Pixels,2012
Dream PetHouse,2012
Dungelot,2012
Dungeon Village,2012
Dust Racing 2D,2012
Dust: An Elysian Tail,2012
Dustforce,2012
Dyad (video game),2012
Dys4iaE,2012
E.X. Troopers,2012
Edna & Harvey: Harvey's New Eyes,2012
El Chavo (video game),2012
The Elder Scrolls V: Skyrim – Dawnguard,2012
The Elder Scrolls V: Skyrim – Dragonborn,2012
The Elder Scrolls V: Skyrim – Hearthfire,2012
Elemental: Fallen Enchantress,2012
Elf Defense Eng,2012
4 Pics 1 Word,2013
8BitMMO,2013
140 (video game),2013
868-HACKA,2013
A.R.E.S.: Extinction Agenda,2013
Adventure Time: Explore the Dungeon Because I Don't Know!,2013
AFL Live 2,2013
Age of Empires II: HD Edition,2013
Age of Empires II: The Forgotten,2013
Ageod's American Civil War II,2013
Air Conflicts: Vietnam,2013
Akaneiro: Demon Hunters,2013
Akiba's Trip: Undead & Undressed,2013
Alien Hive,2013
Alien Rage,2013
Alien Spidy,2013
Aliens: Colonial Marines,2013
Amnesia (visual novel),2013
Amnesia: A Machine for Pigs,2013
Angry Birds Go!,2013
Angry Birds Star Wars II,2013
Anno Online,2013
Anodyne (video game),2013
Antichamber,2013
Apensar,2013
ArcheAge,2013
ARMA 3,2013
ARMA Tactics,2013
Armored Core: Verdict Day,2013
Armored Hunter Gunhound EX,2013
Army of Two: The Devil's Cartel,2013
Art of Balance,2013
Ascend: Hand of Kul,2013
Ashes Cricket 2013,2013
Asphalt 8: Airborne,2013
Assassin's Creed IV: Black Flag,2013
Atelier Escha & Logy: Alchemists of the Dusk Sky,2013
Atomic Ninjas,2013
Attack on Titan: Humanity in Chains,2013
Aura Kingdom,2013
Auto Club Revolution,2013
Avadon 2: The CorruptionB,2013
Badland (video game),2013
Baldur's Gate II: Enhanced Edition,2013
BandFuse: Rock Legends,2013
Basketball Pro Management,2013
Batman (2013 arcade game),2013
Batman: Arkham Origins,2013
Batman: Arkham Origins (mobile),2013
Batman: Arkham Origins Blackgate,2013
Battle Bears Gold,2013
The Battle Cats,2013
BattleBlock Theater,2013
Battlefield 4,2013
Beatmania IIDX 21: Spada,2013
Ben 10: Omniverse 2,2013
Beyond: Two Souls,2013
BioShock Infinite,2013
BioShock Infinite: Burial at Sea,2013
Blek,2013
Blendoku,2013
Blitz Brigade,2013
The Blockheads (video game),2013
Blocksworld,2013
Blood Knights,2013
Blood of the Werewolf,2013
Book of Potions,2013
Brave Frontier,2013
Breach & Clear (video game),2013
The Bridge (video game),2013
Broken Picture Telephone,2013
Broken Sword 5: The Serpent's Curse,2013
Brothers: A Tale of Two Sons,2013
Bubsy 3D: Bubsy Visits the James Turrell Retrospective,2013
The Bureau: XCOM Declassified,2013
A Butterfly in the District of DreamsC,2013
Caladrius (video game),2013
Call of Duty: Ghosts,2013
Call of Duty: Strike Team,2013
Call of Juarez: Gunslinger,2013
Candy Box!,2013
Capcom Arcade Cabinet,2013
Card Hunter,2013
Carnivores: Dinosaur Hunter HD,2013
Castle of Illusion Starring Mickey Mouse (2013 video game),2013
CastleStorm,2013
Castlevania: Lords of Shadow – Mirror of Fate,2013
Cataclysm: Dark Days Ahead,2013
Catlateral Damage,2013
The Cave (video game),2013
Chain Chronicle,2013
Charlie Murder,2013
Chucky: Slash & Dash,2013
Citadels (video game),2013
Cities in Motion 2,2013
Civilization V: Brave New World,2013
Cloudberry Kingdom,2013
Clumsy Ninja,2013
Colin McRae Rally (2013 video game),2013
Command: Modern Air Naval Operations,2013
Company of Heroes 2,2013
Conception II: Children of the Seven Stars,2013
Contagion (video game),2013
Contrast (video game),2013
Cookie Clicker,2013
Cookie Run (video game),2013
Cooking Mama 5: Bon Appétit!,2013
Counter-Strike Online 2,2013
Counter-Strike: Malvinas,2013
Covenant of Solitude,2013
Crimson Dragon,2013
Crusader Kings II: Sons of Abraham,2013
Cry of Fear,2013
Crysis 3,2013
CSR Classics,2013
Cyto's Puzzle AdventureD,2013
Dance Dance Revolution (2013 video game),2013
Dance Dance Revolution Dance Wars,2013
Dark (video game),2013
The Dark Eye: Demonicon,2013
The Dark Eye: Memoria,2013
Dark Lands (video game),2013
Dark Matter (video game),2013
A Dark Room,2013
Darkfall Unholy Wars,2013
Darklings,2013
Darkstalkers Resurrection,2013
Date A Live,2013
Day One: Garry's Incident,2013
Dead Effect,2013
Dead Island: Riptide,2013
Dead or Alive 5 Plus,2013
Dead or Alive 5 Ultimate,2013
Dead Rising 3,2013
Dead Space 3,2013
Dead Trigger 2,2013
Deadfall Adventures,2013
Deadpool (video game),2013
Deathmatch Village,2013
Deemo,2013
Defiance (video game),2013
Demon Gaze,2013
Depression Quest,2013
Desktop Dungeons,2013
Deus Ex: The Fall,2013
Device 6,2013
Diabolik Lovers,2013
Die Hard (2013 video game),2013
Diggs Nightcrawler,2013
Digimon Adventure (video game),2013
Dillon's Rolling Western: The Last Ranger,2013
Disgaea D2: A Brighter Darkness,2013
Disney Infinity (video game),2013
Disney Magical World,2013
Disorder 6,2013
Divekick,2013
Divine Gate,2013
Divinity: Dragon Commander,2013
DJMax Technika Q,2013
DmC: Devil May Cry,2013
Doctor Who: Legacy,2013
Doki-Doki Universe,2013
Dominions 4: Thrones of Ascension,2013
Don 2: The King is Back (video game),2013
Don't Starve,2013
Doritos Crash Course 2,2013
Dota 2,2013
Dots (video game),2013
Double Dealing Character,2013
Dr. Luigi,2013
Dracula 4: The Shadow of the Dragon,2013
Dracula 5: The Blood Legacy,2013
Dragon City,2013
Dragon Collection,2013
Dragon Friends,2013
Dragon's Crown,2013
Dragon's Prophet,2013
Drakengard 3,2013
Dramatical Murder,2013
Dream Chamber,2013
Driftmoon,2013
Drive on Moscow,2013
Dropchord,2013
The Drowning (video game),2013
DuckTales: Remastered,2013
DuckTales: Scrooge's Loot,2013
Duet (video game),2013
Dumb Ways to Die,2013
Dungeon Travelers 2,2013
Dungeonland (video game),2013
Dungeons & Dragons: Chronicles of Mystara,2013
Dust 514,2013
Dynasty Warriors 8,2013
Dysfunctional SystemsE,2013
Earth Defense Force 2025,2013
Echo of Soul,2013
Eclipse (iOS),2013
Eldritch (video game),2013
Electronic Super Joy,2013
9 Elefants,2014
80 Days (2014 video game),2014
99 Bricks Wizard Academy,2014
99Seconds,2014
1000 Days of Syria,2014
1001 Spikes,2014
2014 FIFA World Cup Brazil (video game),2014
2048 (video game),2014
6180 the moonA,2014
Abyss Odyssey,2014
Ace Combat Infinity,2014
AdVenture Capitalist,2014
Adventure Time: The Secret of the Nameless Kingdom,2014
Afterlost,2014
Age 12,2014
Age of Empires: Castle Siege,2014
Age of Wonders III,2014
Air Control (video game),2014
AirMech,2014
Aiyoku no Eustia,2014
Alien: Isolation,2014
Always Sometimes Monsters,2014
Amagami,2014
Amazing Princess Sarah,2014
The Amazing Spider-Man 2 (2014 video game),2014
Amnesia (visual novel),2014
Amnesia Fortnight 2014,2014
Among the Sleep,2014
Angry Birds Epic,2014
Angry Birds POP!,2014
Angry Birds Stella,2014
Angry Birds Transformers,2014
Annoying Orange: Splatter Up,2014
Aokana: Four Rhythm Across the Blue,2014
Aperture Tag: The Paint Gun Testing Initiative,2014
Ar Nosurge,2014
Armillo,2014
Asphalt Overdrive,2014
Assassin's Creed Rogue,2014
Assassin's Creed Unity,2014
Assetto Corsa,2014
Astebreed,2014
Atelier Shallie: Alchemists of the Dusk Sea,2014
Attack on Titan: Humanity in Chains,2014
Kazooloo,2014
Azure Striker GunvoltB,2014
Bakumatsu Rock,2014
Banished (video game),2014
The Banner Saga,2014
Bardbarian,2014
Basement Crawl,2014
Battleheart Legacy,2014
Bayonetta 2,2014
Beatmania IIDX 22: Pendual,2014
Betrayer (video game),2014
The Binding of Isaac: Rebirth,2014
A Bird Story,2014
Bit Boy!! Arcade,2014
Black Desert Online,2014
Blackguards,2014
Blackwell (series),2014
Blade Arcus from Shining,2014
Blade Symphony,2014
Blazerush,2014
Boom Beach,2014
Borderlands: The Pre-Sequel,2014
Bound by Flame,2014
Bounden,2014
Broken Age,2014
Broken Sword 5: The Serpent's Curse,2014
Brothers in Arms 3: Sons of War,2014
Buddy Complex,2014
Bullet GirlsC,2014
Cabela's Big Game Hunter: Pro Hunts,2014
Calculords,2014
Call of Duty: Advanced Warfare,2014
Caller's Bane,2014
Captain Toad: Treasure Tracker,2014
Car Mechanic Simulator 2014,2014
Castaway Paradise,2014
The Castle Doctrine,2014
Castle Doombad,2014
Castlevania: Lords of Shadow 2,2014
Catlateral Damage,2014
Chaos,Child
Chaos Rings III,2014
Chariot (video game),2014
El Chavo Kart,2014
Chess 2: The Sequel,2014
Child of Light,2014
Christmas Shopper Simulator,2014
Chronology (video game),2014
A City Sleeps,2014
Civilization Revolution 2,2014
Civilization: Beyond Earth,2014
Clash of Kings,2014
Clicker Heroes,2014
Closers (video game),2014
Cloudbuilt,2014
Code: Realize − Guardian of Rebirth,2014
Coming Out on Top,2014
Coming Out Simulator 2014,2014
Concursion (video game),2014
Consortium (video game),2014
Contagion (video game),2014
Cooking Fever,2014
Costume Quest 2,2014
CounterSpy (video game),2014
The Crew (video game),2014
Crossy Road,2014
Cue Club 2D,2014
D4: Dark Dreams Don't Die,2014
Daisenryaku Perfect HD,2014
Dance Central Spotlight,2014
Danganronpa Another Episode: Ultra Despair Girls,2014
Dark Souls II,2014
Dark Souls II: The Lost Crowns,2014
Darkin (video game),2014
Darkwood,2014
Date A Live,2014
Daylight (video game),2014
Dead State,2014
Deception IV: Blood Ties,2014
Defense Grid 2,2014
Dengeki Bunko: Fighting Climax,2014
Depth (video game),2014
Desert Fox: The Battle of El Alamein,2014
Desert Golfing,2014
Destiny (video game),2014
Destiny of Spirits,2014
Destiny post-release content,2014
Detective Grimoire,2014
Diablo III: Reaper of Souls,2014
Diabolik Lovers,2014
Digimon All-Star Rumble,2014
Disco Zoo,2014
Disney Infinity: Marvel Super Heroes,2014
Divinity: Original Sin,2014
Do Not Believe His Lies,2014
Don Bradman Cricket 14,2014
"Don't Die, Mr. Robot!",2014
Donkey Kong Country: Tropical Freeze,2014
Door Kickers,2014
Dragon Age: Inquisition,2014
Dragon Ball Z: Battle of Z,2014
Dramatical Murder,2014
DreadOut,2014
Dreamfall Chapters,2014
Driveclub,2014
Duck Game,2014
Dungeon Keeper (2014 video game),2014
Dungeon of the Endless,2014
Dungeon Travelers 2,2014
Dynamic ChordE,2014
EA Sports UFC,2014
Earn to Die 2,2014
Eidolon (video game),2014
The Elder Scrolls Online,2014
Elegy for a Dead World,2014
Elite Dangerous,2014
Elliot Quest,2014
Endless Express,2014
Endless Legend,2014
Enemy Front,2014
The Ensign (video game),2014
Entwined (video game),2014
Escape Dead Island,2014
Ether One,2014
Etrian Odyssey 2 Untold: The Fafnir Knight,2014
Everlasting Summer,2014
The Evil WithinF,2014
F1 2014 (video game),2014
The Fall (video game),2014
Family Guy: The Quest for Stuff,2014
Fantasia: Music Evolved,2014
Far Cry 4,2014
Farming Simulator,2014
Fatal Frame: Maiden of Black Water,2014
Fates Forever,2014
Fearless Fantasy,2014
Feeding Time (video game),2014
Fenix Rage,2014
FIFA 15,2014
Final Fantasy Agito,2014
Final Fantasy Explorers,2014
Final Fantasy Record Keeper,2014
Final Fantasy: World Wide Words,2014
Final Horizon,2014
Firefall (video game),2014
Five Nights at Freddy's (video game),2014
Five Nights at Freddy's 2,2014
Flockers,2014
Football Manager 2015,2014
Forza Horizon 2,2014
Fossil Fighters: Frontier,2014
Fotonica,2014
Fract OSC,2014
Framed (video game),2014
Freedom Planet,2014
Freedom Wars,2014
100 Sleeping Princes and the Kingdom of Dreams,2015
2064: Read Only MemoriesA,2015
A-Men 2,2015
Absolute Drift,2015
Act of Aggression,2015
Adventure Time: Finn & Jake Investigations,2015
Adventures of Pip,2015
AdvertCity,2015
Aegis of Earth: Protonovus Assault,2015
Affordable Space Adventures,2015
Afro Samurai 2,2015
Afterfall: Reconquest,2015
Agar.io,2015
The Age of Decadence,2015
Age of Empires: World Domination,2015
AirAttack 2,2015
Airscape: The Fall of Gravity,2015
Albert & Otto,2015
Alone in the Dark: Illumination,2015
Alphabear,2015
Alto's Adventure,2015
Amiibo Tap: Nintendo's Greatest Bits,2015
Anatomy of Murder,2015
Angel Beats! (visual novel),2015
Angels of Death (video game),2015
Angry Birds 2,2015
Angry Birds Fight!,2015
Animal Crossing: Amiibo Festival,2015
Animal Crossing: Happy Home Designer,2015
Anno 2205,2015
Apotheon,2015
Armello,2015
Armikrog,2015
Armored Warfare,2015
Assassin's Creed Chronicles,2015
Assassin's Creed Syndicate,2015
Assault Android Cactus,2015
Atelier Sophie: The Alchemist of the Mysterious Book,2015
Audiosurf 2,2015
Autobahn Police Simulator,2015
Avernum 2: Crystal Souls,2015
Aviary Attorney,2015
Axiom VergeB,2015
Badland 2,2015
A Bastard's Tale,2015
Batman: Arkham Knight,2015
Battle for Donetsk,2015
Battlefield Hardline,2015
Beatmania IIDX 23: Copula,2015
Bedlam (2015 video game),2015
The Beginner's Guide,2015
Beyond Eyes,2015
Big Pharma (video game),2015
Black Closet,2015
Blackguards 2,2015
Blackhole (video game),2015
BlazBlue: Central Fiction,2015
Block N Load,2015
Blood Bowl 2,2015
Bloodborne,2015
Bloodsports.TV,2015
Blues and Bullets,2015
The Book of Unwritten Tales 2,2015
Borderlands: The Handsome Collection,2015
BoxBoy!,2015
Bravely Second: End Layer,2015
Breach & Clear: Deadline,2015
Broforce,2015
Broken AgeC,2015
Call of Duty: Black Ops III,2015
Calvino Noir,2015
Captain Earth,2015
Car Mechanic Simulator 2015,2015
Carmageddon: Reincarnation,2015
Castle Breakout,2015
Chaos Reborn,2015
Chroma Squad,2015
ChromaGun,2015
Chronicles of Teddy: Harmony of Exidus,2015
Chunithm,2015
Cibele (video game),2015
Circa Infinity,2015
Cities XXL,2015
Cities: Skylines,2015
Citizens of Earth,2015
Civilization: Beyond Earth – Rising Tide,2015
Code Name: S.T.E.A.M.,2015
Cogmind,2015
Concrete Jungle (video game),2015
Conker's Big Reunion,2015
Construction Simulator,2015
Contradiction: Spot the Liar!,2015
Convoy (video game),2015
Cosmonautica,2015
Cradle (video game),2015
Cross Ange,2015
Cross of the Dutchman,2015
Crypt of the NecroDancer,2015
Cube Life: Island Survival,2015
Curses 'N ChaosD,2015
Dai Gyakuten Saiban: Naruhodō Ryūnosuke no Bōken,2015
Danganronpa: Unlimited Battle,2015
Date A Live,2015
Daydreamer (video game),2015
Dead Effect 2,2015
Dead Man's Draw,2015
Dead or Alive 5 Last Round,2015
Dead Synchronicity,2015
Deathtrap (video game),2015
Destiny post-release content,2015
Destiny: The Taken King,2015
Devil's Third,2015
Devilian,2015
Dex (video game),2015
Diabolik Lovers,2015
Digimon Story: Cyber Sleuth,2015
Dirt Rally,2015
Dirty Bomb (video game),2015
Disgaea 5,2015
Disney Infinity 3.0,2015
Disney Magical World 2,2015
Dissidia Final Fantasy NT,2015
DomiNations,2015
Downwell (video game),2015
"Dr. Langeskov, The Tiger, and The Terribly Cursed Emerald: A Whirlwind Heist",2015
Dr. Mario: Miracle Cure,2015
Dragomon Hunter,2015
Dragon Ball Xenoverse,2015
Dragon Ball Z: Dokkan Battle,2015
Dragon Ball Z: Extreme Butōden,2015
Dragon Fin Soup,2015
Dragon Mania Legends,2015
Dragon Quest Heroes: The World Tree's Woe and the Blight Below,2015
Dragon's Dogma Online,2015
Dreamfall Chapters,2015
Dropsy (video game),2015
Dungeon Hunter 5,2015
Dungeons 2,2015
Durarara!!,2015
Dying Light,2015
DyscourseE,2015
Eastside Hockey Manager (video game),2015
Eden Star,2015
Emily Is Away,2015
Emily Wants to Play,2015
Empires & Allies (2015 video game),2015
Empyrion - Galactic Survival,2015
Ennuigi,2015
Environmental Station Alpha,2015
The Escapists,2015
Etrian Mystery Dungeon,2015
Everybody's Gone to the Rapture,2015
Evoland 2,2015
Evolve (video game),2015
Exist ArchiveF,2015
F1 2015 (video game),2015
Fallout 4,2015
Fallout Shelter,2015
Fantasy Dimension,2015
Fantasy War Tactics,2015
Farming Simulator,2015
Fast Racing Neo,2015
Fat Princess Adventures,2015
Fate/Grand Order,2015
Fault Milestone Two,2015
Feist (video game),2015
FIFA 16,2015
Final Fantasy Brave Exvius,2015
Final Fantasy Dimensions II,2015
Final Fantasy Type-0 HD,2015
Final Fantasy XIV: Heavensward,2015
Fire Emblem Fates,2015
Fishdom,2015
A Fistful of Gun,2015
Five Nights at Freddy's 3,2015
Five Nights at Freddy's 4,2015
The Flock (video game),2015
Flywrench,2015
Football Manager 2016,2015
Forza Motorsport 6,2015
Fran BowG,2015
Gal*Gun: Double Peace,2015
Galactic Civilizations III,2015
Galak-Z: The Dimensional,2015
Gangstar Vegas,2015
GemCraft,2015
Girls und Panzer,2015
A Good Snowman Is Hard To Build,2015
Grand Kingdom,2015
Gravity Falls: Legend of the Gnome Gemulets,2015
Gravity Ghost,2015
Grey Goo,2015
Grow Home,2015
Guild of Dungeoneering,2015
Guild Wars 2: Heart of Thorns,2015
Guitar Hero Live,2015
Gunman Clive 2,2015
Guns Up!,2015
GunslugsH,2015
Hacknet,2015
7 Days to Die,2016
7'scarlet,2016
8-Bit Armies,2016
8-Bit Hordes,2016
10 Second Ninja X,2016
99Vidas,2016
100ft Robot Golf,2016
1979 Revolution: Black Friday,2016
1993 Space MachineA,2016
Abzû,2016
Accounting (video game),2016
Adam's Venture,2016
Adrift (video game),2016
Adventures of Mana,2016
The Aetherlight,2016
Agatha Christie: The ABC Murders (2016 video game),2016
Aikatsu Stars!,2016
Akiba's Beat,2016
Akiba's Trip,2016
Alekhine's Gun (video game),2016
Alienation (video game),2016
AM2R,2016
American Truck Simulator,2016
Angry Birds Action!,2016
Angry Birds Blast,2016
Animation Throwdown: The Quest For Cards,2016
The Aquatic Adventure of the Last Human,2016
Aragami (video game),2016
Araya (video game),2016
Arcade Game Series,2016
Arcane Online,2016
Arizona Sunshine,2016
Arkanoid vs. Space Invaders,2016
Art of Balance,2016
Ashes of the Singularity,2016
Asphalt Xtreme,2016
Assassin's Creed Identity,2016
ASTA: The War of Tears and Winds,2016
Atari Vault,2016
Atelier Firis: The Alchemist and the Mysterious Journey,2016
Atlas Reactor,2016
Attack on Titan (video game),2016
Attractio,2016
Audioshield,2016
Aurion: Legacy of the Kori-Odan,2016
Avadon 3: The Warborn,2016
Aven Colony,2016
Azure Striker Gunvolt 2B,2016
Badiya,2016
Baldur's Gate: Siege of Dragonspear,2016
The Banner Saga 2,2016
Batman: Arkham VR,2016
Batman: The Telltale Series,2016
The Battle Cats,2016
Battle Girls: Time Paradox,2016
The Battle of Polytopia,2016
Battleborn (video game),2016
Battlefield 1,2016
Battlefleet Gothic: Armada,2016
Beasts of Balance,2016
Beholder (video game),2016
Berserk and the Band of the Hawk,2016
Beyond Flesh and Blood,2016
BioShock: The Collection,2016
Blackbox (video game),2016
A Blind Legend,2016
Bombshell (video game),2016
Bound (video game),2016
BoxBoxBoy!,2016
Brány Skeldalu 3: 7 Mágů,2016
Breath of Fire 6,2016
Brigador,2016
Bullet Girls 2,2016
The Bunker (video game)C,2016
Californium (video game),2016
The Caligula Effect,2016
Call of Duty: Infinite Warfare,2016
Call of Duty: Modern Warfare Remastered,2016
Cartoon Network: Battle Crashers,2016
Casey Powell Lacrosse 16,2016
A Chair in a Room: Greenwater,2016
Chambara (video game),2016
Chameleon Run,2016
Champions of Anteria,2016
Chase: Cold Case Investigations - Distant Memories,2016
Children of a Dead Earth,2016
Civilization VI,2016
Clash Royale,2016
The Climb (video game),2016
Clockwork (video game),2016
Clustertruck,2016
Cobalt (video game),2016
Collar × Malice,2016
Cossacks 3,2016
Crashlands,2016
Creepy Castle,2016
Crown and Council,2016
Culdcept Revolt,2016
Cyber Danganronpa VR: The Class TrialD,2016
Dame×Prince,2016
Dance Dance Revolution A,2016
Dangerous Golf,2016
Dark Rose Valkyrie,2016
Dark Souls III,2016
Dark Train,2016
Darkest Dungeon,2016
DarkMaus,2016
Dead by Daylight,2016
Dead or Alive Xtreme 3,2016
Dead Rising 4,2016
Dead Secret,2016
The Deadly Tower of Monsters,2016
Defunct (video game),2016
Demetrios (video game),2016
Deponia Doomsday,2016
Désiré (video game),2016
Destiny: Rise of Iron,2016
Detective Pikachu (video game),2016
Deus Ex Go,2016
Deus Ex: Mankind Divided,2016
Devil Daggers,2016
Digimon World: Next Order,2016
Dishonored 2,2016
Disney Art Academy,2016
Divided We Fall (video game),2016
Don Bradman Cricket 17,2016
Doom (2016 video game),2016
Dragon Ball Fusions,2016
Dragon Ball Xenoverse 2,2016
Dragon Quest Builders,2016
Dragon Quest Heroes II,2016
Dragon Quest Monsters: Joker 3,2016
Dreamfall Chapters,2016
Duelyst,2016
Duke Grabowski: Mighty Swashbuckler!,2016
Dungeon Souls,2016
Duskers,2016
The Dwarves (video game),2016
Dying Light: The Following,2016
Dynamic Chord,2016
Dynasty Warriors: GodseekersE,2016
EA Sports UFC 2,2016
Eagle Flight,2016
Eatme.io,2016
Edge of Nowhere,2016
Edge of Twilight (video game),2016
Eisenhorn: Xenos,2016
Ember (video game),2016
Encantadia Blast,2016
Enderal,2016
Endless Express,2016
Enter the Gungeon,2016
Epistory,2016
Eternal (card game),2016
Etrian Odyssey V,2016
Eve: Valkyrie,2016
Even the Ocean,2016
Event 0,2016
The Eyes of AraF,2016
F1 2016 (video game),2016
Fallout 4 downloadable content,2016
Fallout 4: Far Harbor,2016
Fallout 4: Nuka-World,2016
Fantastic Contraption (2016 video game),2016
Far Cry Primal,2016
Farming Simulator,2016
Fate/Extella: The Umbral Star,2016
FIFA 17,2016
FIFA Mobile,2016
Final Fantasy XV,2016
Final Fantasy Awakening,2016
The Final Station,2016
Firewatch,2016
Five Nights at Freddy's: Sister Location,2016
The Flame in the Flood,2016
FNaF World,2016
Football Manager 2017,2016
Forced: Showdown,2016
Forza Horizon 3,2016
Fragments of Him,2016
Frog Fractions 2,2016
Fru (video game),2016
FuriG,2016
The Gallery (video game),2016
Gangstar Vegas,2016
Gardenscapes,2016
Gears of War 4,2016
Genkai Tokki: Seven Pirates,2016
Get 'Em,2016
Ghost 1.0,2016
Ghost Theory,2016
Ghostbusters (2016 video game),2016
Girls Beyond the Wasteland,2016
Girls' Frontline,2016
Goes!,2016
Gonner (video game),2016
"Gremlins, Inc.",2016
Grim Dawn,2016
Grimms Notes,2016
Grow Up,2016
1-2-Switch,2017
2Dark,2017
20XX (video game),2017
911 Operator (video game)A,2017
Aaero,2017
Absolver,2017
Accel World vs. Sword Art Online: Millennium Twilight,2017
AFL Evolution,2017
Agents of Mayhem,2017
Albion Online,2017
All the Delicate Duplicates,2017
The Alliance Alive,2017
Amnesia Fortnight 2017,2017
Angry Birds Evolution,2017
Animal Crossing: Pocket Camp,2017
Another Eden,2017
Antihero (video game),2017
Aporia: Beyond the Valley,2017
Arc Symphony,2017
Arena of Valor,2017
Argo (video game),2017
Ark: Survival Evolved,2017
Arkanoid vs. Space Invaders,2017
Arms (video game),2017
Ashes Cricket,2017
Assassin's Creed Origins,2017
Astro Duel Deluxe,2017
Atelier Lydie & Suelle: The Alchemists and the Mysterious Paintings,2017
Atomega,2017
Attentat 1942,2017
Aztez,2017
Azur LaneB,2017
B-Project,2017
Batman: The Enemy Within,2017
Battle Chasers: Nightwar,2017
Battle Chef Brigade,2017
Battlerite,2017
Behold the Kickmen,2017
Bendy and the Ink Machine,2017
Between the Sky and Sea,2017
Bit City,2017
Black Mirror (2017 video game),2017
Black the Fall,2017
Blackwood Crossing,2017
Blaster Master Zero,2017
Blitzkrieg 3,2017
Block'hood,2017
A Bloody Night,2017
Blue Reflection,2017
Brawl Stars,2017
Brawlhalla,2017
Brawlout,2017
Bridge Constructor Portal,2017
Bubsy: The Woolies Strike Back,2017
Buck (video game),2017
Bulb Boy,2017
Bush Hockey League,2017
Butterfly Soup,2017
Bye-Bye BoxBoy!C,2017
Call of Duty: WWII,2017
Canadian Football 2017,2017
Cars 3: Driven to Win,2017
Castle Story,2017
Cat Quest,2017
Causality (video game),2017
Chaos,Child Love Chu Chu!!
Solstice Chronicles: MIA,2017
City Shrouded in Shadow,2017
Club Penguin Island,2017
Cobalt WASD,2017
Coffee Crisis,2017
Conarium (video game),2017
"Cook, Serve, Delicious! 2",2017
Cosmic Express,2017
Cosmic Star Heroine,2017
Crash Bandicoot N. Sane Trilogy,2017
Crawl (video game),2017
Creativerse,2017
Creeping Terror (video game),2017
Crossout,2017
Cryptark,2017
CryptoKitties,2017
The Culling (video game),2017
Cuphead,2017
Cyberdimension Neptunia: 4 Goddesses OnlineD,2017
Danganronpa V3: Killing Harmony,2017
Danger Zone (video game),2017
Dark and Light (2017 video game),2017
Dark Souls III: The Ringed City,2017
Dark Witch Music Episode: Rudymical,2017
The Darkside Detective,2017
Day of Infamy (video game),2017
Days of War,2017
De Mambo,2017
Dead or Alive 5 Infinite,2017
Death Squared,2017
Deformers,2017
A Demon's Game: Episode 1,2017
Desperate Housewives: The Game (2017),2017
Destiny 2,2017
Destiny 2 post-release content,2017
Detention (video game),2017
Dia Horizon,2017
Diablo III: Rise of the Necromancer,2017
Digimon Story: Cyber Sleuth – Hacker's Memory,2017
Dirt 4,2017
Disc Jam,2017
Dishonored: Death of the Outsider,2017
The Disney Afternoon Collection,2017
Distrust (video game),2017
Divinity: Original Sin II,2017
DJMax Respect,2017
Doki Doki Literature Club!,2017
Don't Knock Twice (video game),2017
Double Dragon IV,2017
Dragon Quest XI,2017
Drawn to Death,2017
Dreadnought (video game),2017
Dream Daddy: A Dad Dating Simulator,2017
Dreamfall Chapters,2017
DropMix,2017
Drunk or Dead,2017
A Duel Hand Disaster: Trackher,2017
Dungeons 3E,2017
Earth Defense Force 5,2017
Echo (2017 video game),2017
The Elder Scrolls: Legends,2017
ELEX,2017
Emily is Away Too,2017
The End Is Nigh (video game),2017
Endless Space 2,2017
Engare,2017
The Escapists 2,2017
Ever Oasis,2017
Everspace,2017
Everybody's Golf (2017 video game),2017
Everything (video game),2017
The Evil Within 2,2017
Exile Election,2017
The Expression AmrilatoF,2017
F1 2017 (video game),2017
Faeria,2017
Fallen Legion,2017
Faraway: Puzzle Escape,2017
Farming Simulator,2017
Farpoint (video game),2017
Fast RMX,2017
FIFA 18,2017
Fight of Gods,2017
Final Fantasy XIV: Stormblood,2017
Final Fantasy XV: A New Empire,2017
Finding Paradise,2017
Fire Emblem Echoes: Shadows of Valentia,2017
Fire Emblem Heroes,2017
Fire Emblem Warriors,2017
Fire Pro Wrestling World,2017
FlatOut 4: Total Insanity,2017
Flinthook,2017
Flip Wars,2017
Football Manager 2018,2017
For Honor,2017
Fortnite Battle Royale,2017
Fortnite: Save the World,2017
Forts (video game),2017
Forza Motorsport 7,2017
Four Last Things (video game),2017
The Franz Kafka Videogame,2017
Freddy Fazbear's Pizzeria Simulator,2017
Freeways (video game),2017
Friday the 13th: The Game,2017
Futurama: Worlds of TomorrowG,2017
Galactic Junk League,2017
Galencia,2017
Gang Beasts,2017
Gear.Club Unlimited,2017
Geneshift,2017
Get Even (video game),2017
Getting Over It with Bennett Foddy,2017
Gigantic (video game),2017
Go! Go! Kokopolo 3D: Space Recipe for Disaster,2017
God Wars: Future Past,2017
Golf Story,2017
Golf Zero,2017
Gorogoa,2017
Graceful Explosion Machine,2017
Gran Turismo Sport,2017
Granny (video game),2017
Gravity Rush 2,2017
Grimoire: Heralds of the Winged Exemplar,2017
Guardians of the Galaxy: The Telltale Series,2017
Guild Wars 2: Path of Fire,2017
Guns of BoomH,2017
Hachigatsu no Cinderella Nine,2017
Hakoniwa Company Works,2017
Halo Wars 2,2017
Has-Been Heroes,2017
A Hat in Time,2017
Heat Signature (video game),2017
Hellblade: Senua's Sacrifice,2017
Hello Neighbor,2017
7 Billion Humans,2018
11-11: Memories RetoldA,2018
Aegis Defenders,2018
Agony (2018 video game),2018
Aikatsu Friends!,2018
AirMech,2018
Airport Simulator 2019,2018
Alphabear 2,2018
Ancestors Legacy,2018
Angels of Death (video game),2018
Angry Birds Blast Island,2018
Antigraviator,2018
Antinomy of Common Flowers,2018
AO Tennis (video game),2018
ARK Park,2018
Artifact (video game),2018
Ash of Gods: Redemption,2018
Ashen (2018 video game),2018
Asphalt 9: Legends,2018
Assassin's Creed Odyssey,2018
Astro Bot Rescue Mission,2018
Attack on Titan 2,2018
Avernum 3: Ruined World,2018
The Awesome Adventures of Captain SpiritB,2018
Bad North,2018
Bakutsuri Bar Hunter,2018
The Banner Saga 3,2018
The Bard's Tale IV: Barrows Deep,2018
Basingstoke (video game),2018
Battlefield V,2018
BattleTech (video game),2018
Beat Saber,2018
Below (video game),2018
Bendy and the Ink Machine,2018
BitLife,2018
Black Hole (2018 video game),2018
Blackroom (video game),2018
Blade Strangers,2018
BlazBlue: Cross Tag Battle,2018
Bloodstained: Curse of the Moon,2018
Bomb Chicken,2018
Bombergirl,2018
Book of Demons,2018
Boundless (video game),2018
Brave Frontier 2C,2018
Call of Cthulhu: The Official Video Game,2018
Call of Duty: Black Ops 4,2018
Call to Arms (video game),2018
Capcom Beat 'Em Up Bundle,2018
Car Mechanic Simulator 2018,2018
Celeste (video game),2018
Chasm (video game),2018
Chessaria: The Tactical Adventure,2018
Chuchel,2018
Circlet Princess,2018
City of Brass (video game),2018
Civilization VI: Rise and Fall,2018
Closed Nightmare,2018
Cold Iron (video game),2018
Command & Conquer: Rivals,2018
Conan Exiles,2018
Cosmic Top Secret (video game),2018
The Council (video game),2018
Creed: Rise to Glory,2018
Crest (video game),2018
The Crew 2,2018
CrossCode,2018
Crossing Souls,2018
Crying Is Not Enough,2018
Crystar,2018
Cultist SimulatorD,2018
Dakar 18,2018
Dandara (video game),2018
Darksiders III,2018
DayZ (video game),2018
Dead Cells,2018
Dead Dozen,2018
Death's Gambit,2018
Deep Rock Galactic,2018
Deltarune,2018
Déraciné,2018
Desolate (video game),2018
Destiny 2 post-release content,2018
Destiny 2: Forsaken,2018
Detroit: Become Human,2018
Dillon's Dead-Heat Breakers,2018
Disaster Report 4 Plus: Summer Memories,2018
Donut County,2018
Dragalia Lost,2018
Dragon Ball FighterZ,2018
Dragon Quest Builders 2,2018
Dusk (video game),2018
Dynasty Warriors 9E,2018
EA Sports UFC 3,2018
Earth Atlantis,2018
Eco (2018 video game),2018
Eden Rising: Supremacy,2018
Empires Apart,2018
Etrian Odyssey Nexus,2018
Exapunks,2018
Extinction (video game)F,2018
F1 2018 (video game),2018
Fable Fortune,2018
Fallout 76,2018
Far Cry 5,2018
FAR: Lone Sails,2018
Fe (video game),2018
Fear Effect Sedna,2018
FIFA 19,2018
FIFA Online 4,2018
Fighting EX Layer,2018
Final Fantasy XV: Pocket Edition,2018
Firewall: Zero Hour,2018
Fishing: Barents Sea,2018
Fist of the North Star: Lost Paradise,2018
Fitness Boxing,2018
Florence (video game),2018
Football Manager 2019,2018
The Forest (video game),2018
Forgotton Anne,2018
Fortnite Creative,2018
Forza Horizon 4,2018
Fox N Forests,2018
Friday the 13th: Killer Puzzle,2018
Frostpunk,2018
Frozen Synapse 2,2018
Full Metal FuriesG,2018
The Gardens Between,2018
Ghost of a Tale,2018
Girls und Panzer,2018
God Eater 3,2018
God of War (2018 video game),2018
Gravel (video game),2018
Graveyard Keeper,2018
Gray Dawn (video game),2018
Grip: Combat Racing,2018
Gris (video game),2018
Guacamelee! 2,2018
Gwent: The Witcher Card GameH,2018
Harry Potter: Hogwarts Mystery,2018
Heaven Will Be Mine,2018
Heavy Metal Machines,2018
Hitman 2 (2018 video game),2018
Hole.io,2018
Hotel Transylvania 3: Monsters Overboard,2018
House Flipper,2018
House of the Dead: Scarlet DawnI,2018
I Hate Running Backwards,2018
Iconoclasts (video game),2018
Immortal: Unchained,2018
Indie Pogo,2018
Inked (video game),2018
InnerSpace (video game),2018
The Inpatient,2018
Insurgency: Sandstorm,2018
Into the Breach,2018
Islands of NyneJ,2018
Jalopy (video game),2018
Judgment (video game),2018
Judgment: Apocalypse Survival Simulation,2018
Juicy Realm,2018
Jurassic World Evolution,2018
Just Cause 4,2018
Just Dance 2019,2018
Just Shapes & BeatsK,2018
Katana Maidens ~ Toji No Miko,2018
Kemono Friends,2018
Kenshi (video game),2018
The King's Bird,2018
Kingdom Come: Deliverance,2018
Kirby Star AlliesL,2018
Lamplight City,2018
Laser League,2018
Lego DC Super-Villains,2018
Lego The Incredibles,2018
Legrand Legacy,2018
The Liar Princess and the Blind Prince,2018
Life Is Strange 2,2018
Lobotomy Corporation,2018
Long Gone Days,2018
The Lost Legends of Redwall,2018
Ludo KingM,2018
Maia (video game),2018
Mario Tennis Aces,2018
Marvel Strike Force,2018
Mega Man 11,2018
Meiji Tokyo Renka,2018
Mercenaries Saga Chronicles,2018
The Messenger (2018 video game),2018
Metal Gear Survive,2018
Metal Max Xeno,2018
Metal Wolf Chaos XD,2018
Midair (video game),2018
Million Arthur,2018
Minit (video game),2018
The Missing: J.J. Macfield and the Island of Memories,2018
MLB The Show 18,2018
Monster Boy and the Cursed Kingdom,2018
Monster Hunter: World,2018
Monster Prom,2018
Ace Combat 7: Skies Unknown,2019
Age of Wonders: Planetfall,2019
American Fugitive,2019
Amid Evil,2019
Anno 1800,2019
Anthem (video game),2019
Ape Out,2019
Apex Legends,2019
Astroneer,2019
At the Gates (video game)B,2019
Baba Is You,2019
Barotrauma (video game),2019
Battalion 1944,2019
Blood & Truth,2019
Bloodstained: Ritual of the Night,2019
BoxBoy! + BoxGirl!,2019
Bright Memory,2019
BTS WorldC,2019
Cadence of Hyrule,2019
Carmen Sandiego (Google Earth video games),2019
Civilization VI: Gathering Storm,2019
Close to the Sun (video game),2019
Contra Anniversary Collection,2019
Crackdown 3,2019
Crash Team Racing Nitro-Fueled,2019
Cricket 19,2019
Crystal Crisis,2019
Cyber HunterD,2019
Da Capo 4,2019
Dance Dance Revolution A20,2019
Dangerous Driving (video game),2019
Dauntless (video game),2019
Dawn of Man,2019
Days Gone,2019
Dead or Alive 6,2019
Descenders,2019
Devil May Cry 5,2019
Devotion (video game),2019
Dirt Rally 2.0,2019
Doraemon Story of Seasons,2019
Dota Auto Chess,2019
Dota Underlords,2019
Double Cross (video game),2019
Doughlings: Arcade,2019
Doughlings: Invasion,2019
Dr. Mario World,2019
Draugen (video game),2019
Dreams (video game),2019
Dance of Death: Du Lac & FeyE,2019
Earth Defense Force: Iron Rain,2019
Exception (video game)F,2019
F1 2019 (video game),2019
Far Cry New Dawn,2019
Feudal Alloy,2019
Fire Emblem: Three Houses,2019
Five Nights at Freddy's VR: Help WantedG,2019
GemCraft,2019
Generation Zero (video game),2019
Ghost Giant,2019
Gibbous - A Cthulhu Adventure,2019
The Grand Tour GameH,2019
Harry Potter: Wizards Unite,2019
Heaven's Vault,2019
The Hong Kong Massacre,2019
Hypnospace OutlawI,2019
Iconary,2019
Imperator: Rome,2019
Islanders (video game)J,2019
Jesus Strikes Back: Judgment Day,2019
Jump ForceK,2019
Katana Zero,2019
Killsquad,2019
Kingdom Hearts IIIL,2019
Left Alive,2019
The Lego Movie 2 Videogame,2019
Little Friends: Dogs & CatsM,2019
Madden NFL 20,2019
Marvel Ultimate Alliance 3: The Black Order,2019
Metro Exodus,2019
MLB The Show 19,2019
Mordhau (video game),2019
Mortal Kombat 11,2019
Mr Love: Queen's Choice,2019
My Friend Pedro,2019
My Time at PortiaN,2019
NASCAR Heat 4,2019
NHL 20O,2019
Observation (video game),2019
The Occupation,2019
One Piece: World Seeker,2019
Outer Wilds,2019
Outward,2019
Oxygen Not IncludedP,2019
Pathologic 2,2019
Pax Nova,2019
PC Building Simulator,2019
Photographs (video game),2019
Pikuniku,2019
PixARK,2019
A Plague Tale: Innocence,2019
Planet Nomads,2019
Pokémon Rumble Rush,2019
Power Rangers: Battle for the GridR,2019
Rage 2,2019
Resident Evil 2 (2019 video game),2019
Robotics,Notes DaSHS
Samurai Shodown (2019 video game),2019
Sea of Solitude,2019
Sekiro: Shadows Die Twice,2019
Shakedown: Hawaii,2019
The Sims 4: StrangerVille,2019
The Sinking City,2019
Sky (video game),2019
Slay the Spire,2019
Snooker 19,2019
Space Engineers,2019
Spice and Wolf,2019
Starpoint Gemini 3,2019
Starry Sky,2019
SteamWorld Quest,2019
Steel Division 2,2019
Sunless Skies,2019
Super Blood Hockey,2019
Super Mario Maker 2,2019
Super Robot Wars TT,2019
Team Sonic Racing,2019
Tetris 99,2019
They Are Billions,2019
This Land Is My Land,2019
ToeJam & Earl: Back in the Groove,2019
Tom Clancy's The Division 2,2019
Total War: Three Kingdoms,2019
Travis Strikes Again: No More Heroes,2019
Trials Rising,2019
Tropico 6U,2019
UBOAT,2019
Ultracore,2019
Unruly HeroesV,2019
Vane (video game)W,2019
Wargroove,2019
When Ski Lifts Go Wrong,2019
Wolfenstein: Youngblood,2019
World War Z (2019 video game),2019
WWE 2K20X,2019
Xenon RacerY,2019
YIIK: A Postmodern RPG,2019
Yo-kai Watch 4,2019
Yoshi's Crafted WorldZ,2019
ZombsRoyale.io,2019
12 MinutesA,2020
Animal Crossing: New Horizons,2020
Avengers (2020 video game),2020
AWAY: The Survival SeriesC,2020
Circuit Superstars,2020
Cyberpunk 2077D,2020
Destroy All Humans! (2020 video game),2020
Digimon Survive,2020
Dying Light 2E,2020
Empire of Sin (video game)F,2020
Final Fantasy VII Remake,2020
Fuga: Melodies of SteelG,2020
Genshin Impact,2020
Granblue Fantasy Versus,2020
GriftlandsH,2020
Halo InfiniteL,2020
Last Epoch,2020
Lego Star Wars: The Skywalker SagaM,2020
Minecraft DungeonsN,2020
Ninjala,2020
No More Heroes IIIO,2020
Ori and the Will of the WispsP,2020
Pokémon Sleep,2020
Prodeus,2020
Psychonauts 2R,2020
Remothered: Going Porcelain,2020
Risk of Rain 2,2020
Roller Champions,2020
Rune Factory 5S,2020
System Shock (2020 video game)T,2020
Tales of Arise,2020
This is the Zodiac Speaking,2020
Twin MirrorU,2020
Unsung StoryV,2020
Vampire: The Masquerade – Bloodlines 2W,2020
Wasteland 3,2020
Watch Dogs: Legion,2020
Werewolf: The Apocalypse – Earthblood,2020
Witchfire (video game),2020
Wrath: Aeon of Ruin,2020
